set,             0
n,   4.9700000000E+02
ni,   2.0000000000E+00
no,   2.0000000000E+00
ny,   3.0000000000E+00
nu,   3.0000000000E+00
m,   3.0000000000E+00
a[1][1],   2.9254333910E+00
a[2][1],  -2.8525638632E+00
a[3][1],   9.2712360343E-01
a[1][2],  -2.3243496981E-01
a[2][2],   8.8649612328E-01
a[3][2],   3.3781915461E-01
b[1][1][1],  -2.7798804244E-04
b[2][1][1],   7.3467984534E-04
b[3][1][1],  -4.5393048863E-04
b[1][2][1],   1.7049282236E-04
b[2][2][1],  -3.5776280575E-04
b[3][2][1],   1.8829823456E-04
b[1][1][2],   8.5847032321E-03
b[2][1][2],   5.5763549739E-04
b[3][1][2],  -8.4082694780E-03
b[1][2][2],  -1.4703931102E-02
b[2][2][2],   2.4452667372E-03
b[3][2][2],   1.7584900117E-02
c[1], 0.00              
c[2], 0.00              
u[1][1], 0.00              
u[2][1], 0.00              
u[3][1], 0.00              
u[4][1], 0.00              
u[5][1], 0.00              
u[6][1], 0.00              
u[7][1], 0.00              
u[8][1], 0.00              
u[9][1], 0.00              
u[10][1], 0.00              
u[11][1], 0.00              
u[12][1], 0.00              
u[13][1], 0.00              
u[14][1], 0.00              
u[15][1], 0.00              
u[16][1], 0.00              
u[17][1], 0.00              
u[18][1], 0.00              
u[19][1], 0.00              
u[20][1],   1.0000000000E+02
u[21][1],   1.0000000000E+02
u[22][1],   1.0000000000E+02
u[23][1],   1.0000000000E+02
u[24][1],   1.0000000000E+02
u[25][1],   1.0000000000E+02
u[26][1],   1.0000000000E+02
u[27][1],   1.0000000000E+02
u[28][1],   1.0000000000E+02
u[29][1],   1.0000000000E+02
u[30][1],   1.0000000000E+02
u[31][1],   1.0000000000E+02
u[32][1],   1.0000000000E+02
u[33][1],   1.0000000000E+02
u[34][1],   1.0000000000E+02
u[35][1],   1.0000000000E+02
u[36][1],   1.0000000000E+02
u[37][1],   1.0000000000E+02
u[38][1],   1.0000000000E+02
u[39][1],   1.0000000000E+02
u[40][1],   1.0000000000E+02
u[41][1],   1.0000000000E+02
u[42][1],   1.0000000000E+02
u[43][1],   1.0000000000E+02
u[44][1],   1.0000000000E+02
u[45][1],   1.0000000000E+02
u[46][1],   1.0000000000E+02
u[47][1],   1.0000000000E+02
u[48][1],   1.0000000000E+02
u[49][1],   1.0000000000E+02
u[50][1],   1.0000000000E+02
u[51][1],   1.0000000000E+02
u[52][1],   1.0000000000E+02
u[53][1],   1.0000000000E+02
u[54][1],   1.0000000000E+02
u[55][1],   1.0000000000E+02
u[56][1],   1.0000000000E+02
u[57][1],   1.0000000000E+02
u[58][1],   1.0000000000E+02
u[59][1],   1.0000000000E+02
u[60][1],   1.0000000000E+02
u[61][1],   1.0000000000E+02
u[62][1],   1.0000000000E+02
u[63][1],   1.0000000000E+02
u[64][1],   1.0000000000E+02
u[65][1],   1.0000000000E+02
u[66][1],   1.0000000000E+02
u[67][1],   1.0000000000E+02
u[68][1],   1.0000000000E+02
u[69][1],   1.0000000000E+02
u[70][1],   1.0000000000E+02
u[71][1],   1.0000000000E+02
u[72][1],   1.0000000000E+02
u[73][1],   1.0000000000E+02
u[74][1],   1.0000000000E+02
u[75][1],   1.0000000000E+02
u[76][1],   1.0000000000E+02
u[77][1],   2.5000000000E+02
u[78][1],   2.5000000000E+02
u[79][1],   2.5000000000E+02
u[80][1],   2.5000000000E+02
u[81][1],   2.5000000000E+02
u[82][1],   2.5000000000E+02
u[83][1],   2.5000000000E+02
u[84][1],   2.5000000000E+02
u[85][1],   2.5000000000E+02
u[86][1],   2.5000000000E+02
u[87][1],   2.5000000000E+02
u[88][1],   2.5000000000E+02
u[89][1],   2.5000000000E+02
u[90][1],   2.5000000000E+02
u[91][1],   2.5000000000E+02
u[92][1],   2.5000000000E+02
u[93][1],   2.5000000000E+02
u[94][1],   2.5000000000E+02
u[95][1],   2.5000000000E+02
u[96][1],   2.5000000000E+02
u[97][1],   2.5000000000E+02
u[98][1],   2.5000000000E+02
u[99][1],   2.5000000000E+02
u[100][1],   2.5000000000E+02
u[101][1],   2.5000000000E+02
u[102][1],   2.5000000000E+02
u[103][1],   2.5000000000E+02
u[104][1],   2.5000000000E+02
u[105][1],   2.5000000000E+02
u[106][1],   2.5000000000E+02
u[107][1],   2.5000000000E+02
u[108][1],   2.5000000000E+02
u[109][1],   2.5000000000E+02
u[110][1],   2.5000000000E+02
u[111][1],   2.5000000000E+02
u[112][1],   2.5000000000E+02
u[113][1],   2.5000000000E+02
u[114][1],   2.5000000000E+02
u[115][1],   2.5000000000E+02
u[116][1],   2.5000000000E+02
u[117][1],   2.5000000000E+02
u[118][1],   2.5000000000E+02
u[119][1],   2.5000000000E+02
u[120][1],   2.5000000000E+02
u[121][1],   2.5000000000E+02
u[122][1],   2.5000000000E+02
u[123][1],   2.5000000000E+02
u[124][1],   2.5000000000E+02
u[125][1],   2.5000000000E+02
u[126][1],   2.5000000000E+02
u[127][1],   2.5000000000E+02
u[128][1],   2.5000000000E+02
u[129][1],   2.5000000000E+02
u[130][1],   2.5000000000E+02
u[131][1],   2.5000000000E+02
u[132][1],   2.5000000000E+02
u[133][1],   2.5000000000E+02
u[134][1],   2.5000000000E+02
u[135][1],   2.5000000000E+02
u[136][1],   2.5000000000E+02
u[137][1],   2.5000000000E+02
u[138][1],   2.5000000000E+02
u[139][1],   2.5000000000E+02
u[140][1],   2.5000000000E+02
u[141][1],   2.5000000000E+02
u[142][1],   2.5000000000E+02
u[143][1],   2.5000000000E+02
u[144][1],   2.5000000000E+02
u[145][1],   2.5000000000E+02
u[146][1],   2.5000000000E+02
u[147][1],   2.5000000000E+02
u[148][1],   2.5000000000E+02
u[149][1],   2.5000000000E+02
u[150][1],   2.5000000000E+02
u[151][1],   2.5000000000E+02
u[152][1],   2.5000000000E+02
u[153][1],   2.5000000000E+02
u[154][1],   2.5000000000E+02
u[155][1],   2.5000000000E+02
u[156][1],   2.5000000000E+02
u[157][1],   2.5000000000E+02
u[158][1],   2.5000000000E+02
u[159][1],   2.5000000000E+02
u[160][1],   2.5000000000E+02
u[161][1],   2.5000000000E+02
u[162][1],   2.5000000000E+02
u[163][1],   2.5000000000E+02
u[164][1],   2.5000000000E+02
u[165][1],   2.5000000000E+02
u[166][1],   2.5000000000E+02
u[167][1],   2.5000000000E+02
u[168][1],   2.5000000000E+02
u[169][1],   2.5000000000E+02
u[170][1],   2.5000000000E+02
u[171][1],   2.5000000000E+02
u[172][1],   2.5000000000E+02
u[173][1],   2.5000000000E+02
u[174][1],   2.5000000000E+02
u[175][1],   2.5000000000E+02
u[176][1],   2.5000000000E+02
u[177][1],   2.5000000000E+02
u[178][1],   2.5000000000E+02
u[179][1],   2.5000000000E+02
u[180][1],   2.5000000000E+02
u[181][1],   2.5000000000E+02
u[182][1],   2.5000000000E+02
u[183][1], 0.00              
u[184][1], 0.00              
u[185][1], 0.00              
u[186][1], 0.00              
u[187][1], 0.00              
u[188][1], 0.00              
u[189][1], 0.00              
u[190][1], 0.00              
u[191][1], 0.00              
u[192][1], 0.00              
u[193][1], 0.00              
u[194][1], 0.00              
u[195][1], 0.00              
u[196][1], 0.00              
u[197][1], 0.00              
u[198][1], 0.00              
u[199][1], 0.00              
u[200][1], 0.00              
u[201][1], 0.00              
u[202][1], 0.00              
u[203][1], 0.00              
u[204][1], 0.00              
u[205][1], 0.00              
u[206][1], 0.00              
u[207][1], 0.00              
u[208][1], 0.00              
u[209][1], 0.00              
u[210][1], 0.00              
u[211][1], 0.00              
u[212][1], 0.00              
u[213][1], 0.00              
u[214][1], 0.00              
u[215][1], 0.00              
u[216][1], 0.00              
u[217][1], 0.00              
u[218][1], 0.00              
u[219][1], 0.00              
u[220][1], 0.00              
u[221][1], 0.00              
u[222][1], 0.00              
u[223][1], 0.00              
u[224][1], 0.00              
u[225][1], 0.00              
u[226][1], 0.00              
u[227][1], 0.00              
u[228][1], 0.00              
u[229][1], 0.00              
u[230][1], 0.00              
u[231][1], 0.00              
u[232][1], 0.00              
u[233][1], 0.00              
u[234][1], 0.00              
u[235][1], 0.00              
u[236][1], 0.00              
u[237][1], 0.00              
u[238][1], 0.00              
u[239][1], 0.00              
u[240][1], 0.00              
u[241][1], 0.00              
u[242][1], 0.00              
u[243][1], 0.00              
u[244][1], 0.00              
u[245][1], 0.00              
u[246][1], 0.00              
u[247][1], 0.00              
u[248][1], 0.00              
u[249][1], 0.00              
u[250][1], 0.00              
u[251][1], 0.00              
u[252][1], 0.00              
u[253][1], 0.00              
u[254][1], 0.00              
u[255][1], 0.00              
u[256][1], 0.00              
u[257][1], 0.00              
u[258][1], 0.00              
u[259][1], 0.00              
u[260][1], 0.00              
u[261][1], 0.00              
u[262][1], 0.00              
u[263][1], 0.00              
u[264][1], 0.00              
u[265][1], 0.00              
u[266][1], 0.00              
u[267][1], 0.00              
u[268][1], 0.00              
u[269][1], 0.00              
u[270][1], 0.00              
u[271][1], 0.00              
u[272][1], 0.00              
u[273][1], 0.00              
u[274][1], 0.00              
u[275][1], 0.00              
u[276][1], 0.00              
u[277][1], 0.00              
u[278][1], 0.00              
u[279][1], 0.00              
u[280][1], 0.00              
u[281][1], 0.00              
u[282][1], 0.00              
u[283][1], 0.00              
u[284][1], 0.00              
u[285][1], 0.00              
u[286][1], 0.00              
u[287][1], 0.00              
u[288][1],   2.5000000000E+02
u[289][1],   2.5000000000E+02
u[290][1],   2.5000000000E+02
u[291][1],   2.5000000000E+02
u[292][1],   2.5000000000E+02
u[293][1],   2.5000000000E+02
u[294][1],   2.5000000000E+02
u[295][1],   2.5000000000E+02
u[296][1],   2.5000000000E+02
u[297][1],   2.5000000000E+02
u[298][1],   2.5000000000E+02
u[299][1],   2.5000000000E+02
u[300][1],   2.5000000000E+02
u[301][1],   2.5000000000E+02
u[302][1],   2.5000000000E+02
u[303][1],   2.5000000000E+02
u[304][1],   2.5000000000E+02
u[305][1],   2.5000000000E+02
u[306][1],   2.5000000000E+02
u[307][1],   2.5000000000E+02
u[308][1],   2.5000000000E+02
u[309][1],   2.5000000000E+02
u[310][1],   2.5000000000E+02
u[311][1],   2.5000000000E+02
u[312][1],   2.5000000000E+02
u[313][1],   2.5000000000E+02
u[314][1],   2.5000000000E+02
u[315][1],   2.5000000000E+02
u[316][1],   2.5000000000E+02
u[317][1],   2.5000000000E+02
u[318][1],   2.5000000000E+02
u[319][1],   2.5000000000E+02
u[320][1],   2.5000000000E+02
u[321][1],   2.5000000000E+02
u[322][1],   2.5000000000E+02
u[323][1],   2.5000000000E+02
u[324][1],   2.5000000000E+02
u[325][1],   2.5000000000E+02
u[326][1],   2.5000000000E+02
u[327][1],   2.5000000000E+02
u[328][1],   2.5000000000E+02
u[329][1],   2.5000000000E+02
u[330][1],   2.5000000000E+02
u[331][1],   2.5000000000E+02
u[332][1],   2.5000000000E+02
u[333][1],   2.5000000000E+02
u[334][1],   2.5000000000E+02
u[335][1],   2.5000000000E+02
u[336][1],   2.5000000000E+02
u[337][1],   2.5000000000E+02
u[338][1],   2.5000000000E+02
u[339][1],   2.5000000000E+02
u[340][1],   2.5000000000E+02
u[341][1],   2.5000000000E+02
u[342][1],   2.5000000000E+02
u[343][1],   2.5000000000E+02
u[344][1],   2.5000000000E+02
u[345][1],   2.5000000000E+02
u[346][1],   2.5000000000E+02
u[347][1],   2.5000000000E+02
u[348][1],   2.5000000000E+02
u[349][1],   2.5000000000E+02
u[350][1],   2.5000000000E+02
u[351][1],   2.5000000000E+02
u[352][1],   2.5000000000E+02
u[353][1],   2.5000000000E+02
u[354][1],   2.5000000000E+02
u[355][1],   2.5000000000E+02
u[356][1],   2.5000000000E+02
u[357][1],   2.5000000000E+02
u[358][1],   2.5000000000E+02
u[359][1],   2.5000000000E+02
u[360][1],   2.5000000000E+02
u[361][1],   2.5000000000E+02
u[362][1],   2.5000000000E+02
u[363][1],   2.5000000000E+02
u[364][1],   2.5000000000E+02
u[365][1],   2.5000000000E+02
u[366][1],   2.5000000000E+02
u[367][1],   2.5000000000E+02
u[368][1],   2.5000000000E+02
u[369][1],   2.5000000000E+02
u[370][1],   2.5000000000E+02
u[371][1],   2.5000000000E+02
u[372][1],   2.5000000000E+02
u[373][1],   2.5000000000E+02
u[374][1],   2.5000000000E+02
u[375][1],   2.5000000000E+02
u[376][1],   2.5000000000E+02
u[377][1],   2.5000000000E+02
u[378][1],   2.5000000000E+02
u[379][1], 0.00              
u[380][1], 0.00              
u[381][1], 0.00              
u[382][1], 0.00              
u[383][1], 0.00              
u[384][1], 0.00              
u[385][1], 0.00              
u[386][1], 0.00              
u[387][1], 0.00              
u[388][1], 0.00              
u[389][1], 0.00              
u[390][1], 0.00              
u[391][1], 0.00              
u[392][1], 0.00              
u[393][1], 0.00              
u[394][1], 0.00              
u[395][1], 0.00              
u[396][1], 0.00              
u[397][1], 0.00              
u[398][1], 0.00              
u[399][1], 0.00              
u[400][1], 0.00              
u[401][1], 0.00              
u[402][1], 0.00              
u[403][1], 0.00              
u[404][1], 0.00              
u[405][1], 0.00              
u[406][1], 0.00              
u[407][1], 0.00              
u[408][1], 0.00              
u[409][1], 0.00              
u[410][1], 0.00              
u[411][1], 0.00              
u[412][1], 0.00              
u[413][1], 0.00              
u[414][1], 0.00              
u[415][1], 0.00              
u[416][1], 0.00              
u[417][1], 0.00              
u[418][1], 0.00              
u[419][1], 0.00              
u[420][1], 0.00              
u[421][1], 0.00              
u[422][1], 0.00              
u[423][1], 0.00              
u[424][1], 0.00              
u[425][1], 0.00              
u[426][1], 0.00              
u[427][1], 0.00              
u[428][1], 0.00              
u[429][1], 0.00              
u[430][1], 0.00              
u[431][1], 0.00              
u[432][1], 0.00              
u[433][1], 0.00              
u[434][1], 0.00              
u[435][1], 0.00              
u[436][1], 0.00              
u[437][1], 0.00              
u[438][1], 0.00              
u[439][1], 0.00              
u[440][1], 0.00              
u[441][1], 0.00              
u[442][1], 0.00              
u[443][1], 0.00              
u[444][1], 0.00              
u[445][1], 0.00              
u[446][1], 0.00              
u[447][1], 0.00              
u[448][1], 0.00              
u[449][1], 0.00              
u[450][1], 0.00              
u[451][1], 0.00              
u[452][1], 0.00              
u[453][1], 0.00              
u[454][1], 0.00              
u[455][1], 0.00              
u[456][1], 0.00              
u[457][1], 0.00              
u[458][1], 0.00              
u[459][1], 0.00              
u[460][1], 0.00              
u[461][1], 0.00              
u[462][1], 0.00              
u[463][1], 0.00              
u[464][1], 0.00              
u[465][1], 0.00              
u[466][1], 0.00              
u[467][1], 0.00              
u[468][1], 0.00              
u[469][1], 0.00              
u[470][1], 0.00              
u[471][1], 0.00              
u[472][1], 0.00              
u[473][1], 0.00              
u[474][1], 0.00              
u[475][1], 0.00              
u[476][1], 0.00              
u[477][1], 0.00              
u[478][1], 0.00              
u[479][1], 0.00              
u[480][1], 0.00              
u[481][1], 0.00              
u[482][1], 0.00              
u[483][1], 0.00              
u[484][1], 0.00              
u[485][1], 0.00              
u[486][1], 0.00              
u[487][1], 0.00              
u[488][1], 0.00              
u[489][1], 0.00              
u[490][1], 0.00              
u[491][1], 0.00              
u[492][1], 0.00              
u[493][1], 0.00              
u[494][1], 0.00              
u[495][1], 0.00              
u[496][1], 0.00              
u[497][1], 0.00              
u[1][2], 0.00              
u[2][2], 0.00              
u[3][2], 0.00              
u[4][2], 0.00              
u[5][2], 0.00              
u[6][2], 0.00              
u[7][2], 0.00              
u[8][2], 0.00              
u[9][2], 0.00              
u[10][2], 0.00              
u[11][2], 0.00              
u[12][2], 0.00              
u[13][2], 0.00              
u[14][2], 0.00              
u[15][2], 0.00              
u[16][2], 0.00              
u[17][2], 0.00              
u[18][2], 0.00              
u[19][2], 0.00              
u[20][2], 0.00              
u[21][2], 0.00              
u[22][2], 0.00              
u[23][2], 0.00              
u[24][2], 0.00              
u[25][2], 0.00              
u[26][2], 0.00              
u[27][2], 0.00              
u[28][2], 0.00              
u[29][2], 0.00              
u[30][2], 0.00              
u[31][2], 0.00              
u[32][2], 0.00              
u[33][2], 0.00              
u[34][2], 0.00              
u[35][2], 0.00              
u[36][2], 0.00              
u[37][2], 0.00              
u[38][2], 0.00              
u[39][2], 0.00              
u[40][2], 0.00              
u[41][2], 0.00              
u[42][2], 0.00              
u[43][2], 0.00              
u[44][2], 0.00              
u[45][2], 0.00              
u[46][2], 0.00              
u[47][2], 0.00              
u[48][2], 0.00              
u[49][2], 0.00              
u[50][2], 0.00              
u[51][2], 0.00              
u[52][2], 0.00              
u[53][2], 0.00              
u[54][2], 0.00              
u[55][2], 0.00              
u[56][2], 0.00              
u[57][2], 0.00              
u[58][2], 0.00              
u[59][2], 0.00              
u[60][2], 0.00              
u[61][2], 0.00              
u[62][2], 0.00              
u[63][2], 0.00              
u[64][2], 0.00              
u[65][2], 0.00              
u[66][2], 0.00              
u[67][2], 0.00              
u[68][2], 0.00              
u[69][2], 0.00              
u[70][2], 0.00              
u[71][2], 0.00              
u[72][2], 0.00              
u[73][2], 0.00              
u[74][2], 0.00              
u[75][2], 0.00              
u[76][2], 0.00              
u[77][2], 0.00              
u[78][2], 0.00              
u[79][2], 0.00              
u[80][2], 0.00              
u[81][2], 0.00              
u[82][2], 0.00              
u[83][2], 0.00              
u[84][2], 0.00              
u[85][2], 0.00              
u[86][2], 0.00              
u[87][2], 0.00              
u[88][2], 0.00              
u[89][2], 0.00              
u[90][2], 0.00              
u[91][2], 0.00              
u[92][2], 0.00              
u[93][2], 0.00              
u[94][2], 0.00              
u[95][2], 0.00              
u[96][2], 0.00              
u[97][2], 0.00              
u[98][2], 0.00              
u[99][2], 0.00              
u[100][2], 0.00              
u[101][2], 0.00              
u[102][2], 0.00              
u[103][2],   2.5000000000E+02
u[104][2],   2.5000000000E+02
u[105][2],   2.5000000000E+02
u[106][2],   2.5000000000E+02
u[107][2],   2.5000000000E+02
u[108][2],   2.5000000000E+02
u[109][2],   2.5000000000E+02
u[110][2],   2.5000000000E+02
u[111][2],   2.5000000000E+02
u[112][2],   2.5000000000E+02
u[113][2],   2.5000000000E+02
u[114][2],   2.5000000000E+02
u[115][2],   2.5000000000E+02
u[116][2],   2.5000000000E+02
u[117][2],   2.5000000000E+02
u[118][2],   2.5000000000E+02
u[119][2],   2.5000000000E+02
u[120][2],   2.5000000000E+02
u[121][2],   2.5000000000E+02
u[122][2],   2.5000000000E+02
u[123][2],   2.5000000000E+02
u[124][2],   2.5000000000E+02
u[125][2],   2.5000000000E+02
u[126][2],   2.5000000000E+02
u[127][2],   2.5000000000E+02
u[128][2],   2.5000000000E+02
u[129][2],   2.5000000000E+02
u[130][2],   2.5000000000E+02
u[131][2],   2.5000000000E+02
u[132][2],   2.5000000000E+02
u[133][2],   2.5000000000E+02
u[134][2],   2.5000000000E+02
u[135][2],   2.5000000000E+02
u[136][2],   2.5000000000E+02
u[137][2],   2.5000000000E+02
u[138][2],   2.5000000000E+02
u[139][2],   2.5000000000E+02
u[140][2],   2.5000000000E+02
u[141][2],   2.5000000000E+02
u[142][2],   2.5000000000E+02
u[143][2],   2.5000000000E+02
u[144][2],   2.5000000000E+02
u[145][2],   2.5000000000E+02
u[146][2],   2.5000000000E+02
u[147][2],   2.5000000000E+02
u[148][2],   2.5000000000E+02
u[149][2],   2.5000000000E+02
u[150][2],   2.5000000000E+02
u[151][2],   1.0000000000E+02
u[152][2],   1.0000000000E+02
u[153][2],   1.0000000000E+02
u[154][2],   1.0000000000E+02
u[155][2],   1.0000000000E+02
u[156][2],   1.0000000000E+02
u[157][2],   1.0000000000E+02
u[158][2],   1.0000000000E+02
u[159][2],   1.0000000000E+02
u[160][2],   1.0000000000E+02
u[161][2],   1.0000000000E+02
u[162][2],   1.0000000000E+02
u[163][2],   1.0000000000E+02
u[164][2],   1.0000000000E+02
u[165][2],   1.0000000000E+02
u[166][2],   1.0000000000E+02
u[167][2],   1.0000000000E+02
u[168][2],   1.0000000000E+02
u[169][2],   1.0000000000E+02
u[170][2],   1.0000000000E+02
u[171][2],   1.0000000000E+02
u[172][2],   1.0000000000E+02
u[173][2],   1.0000000000E+02
u[174][2],   1.0000000000E+02
u[175][2],   1.0000000000E+02
u[176][2],   1.0000000000E+02
u[177][2],   1.0000000000E+02
u[178][2],   1.0000000000E+02
u[179][2],   1.0000000000E+02
u[180][2],   1.0000000000E+02
u[181][2],   1.0000000000E+02
u[182][2],   1.0000000000E+02
u[183][2],   1.0000000000E+02
u[184][2],   1.0000000000E+02
u[185][2],   1.0000000000E+02
u[186][2],   1.0000000000E+02
u[187][2],   1.0000000000E+02
u[188][2],   1.0000000000E+02
u[189][2],   1.0000000000E+02
u[190][2],   1.0000000000E+02
u[191][2],   1.0000000000E+02
u[192][2],   1.0000000000E+02
u[193][2],   1.0000000000E+02
u[194][2],   1.0000000000E+02
u[195][2],   1.0000000000E+02
u[196][2],   1.0000000000E+02
u[197][2],   1.0000000000E+02
u[198][2],   1.0000000000E+02
u[199][2],   1.0000000000E+02
u[200][2],   1.0000000000E+02
u[201][2],   1.0000000000E+02
u[202][2],   1.0000000000E+02
u[203][2],   1.0000000000E+02
u[204][2],   1.0000000000E+02
u[205][2],   1.0000000000E+02
u[206][2],   1.0000000000E+02
u[207][2],   1.0000000000E+02
u[208][2],   1.0000000000E+02
u[209][2],   1.0000000000E+02
u[210][2],   1.0000000000E+02
u[211][2],   1.0000000000E+02
u[212][2],   1.0000000000E+02
u[213][2],   1.0000000000E+02
u[214][2],   1.0000000000E+02
u[215][2],   1.0000000000E+02
u[216][2],   1.0000000000E+02
u[217][2],   1.0000000000E+02
u[218][2],   1.0000000000E+02
u[219][2],   1.0000000000E+02
u[220][2],   1.0000000000E+02
u[221][2],   1.0000000000E+02
u[222][2],   1.0000000000E+02
u[223][2],   1.0000000000E+02
u[224][2],   1.0000000000E+02
u[225][2],   1.0000000000E+02
u[226][2],   1.0000000000E+02
u[227][2],   1.0000000000E+02
u[228][2],   1.0000000000E+02
u[229][2],   1.0000000000E+02
u[230][2],   1.0000000000E+02
u[231][2],   1.0000000000E+02
u[232][2],   1.0000000000E+02
u[233][2], 0.00              
u[234][2], 0.00              
u[235][2], 0.00              
u[236][2], 0.00              
u[237][2], 0.00              
u[238][2], 0.00              
u[239][2], 0.00              
u[240][2], 0.00              
u[241][2], 0.00              
u[242][2], 0.00              
u[243][2], 0.00              
u[244][2], 0.00              
u[245][2], 0.00              
u[246][2], 0.00              
u[247][2], 0.00              
u[248][2], 0.00              
u[249][2],   2.5000000000E+02
u[250][2],   2.5000000000E+02
u[251][2],   2.5000000000E+02
u[252][2],   2.5000000000E+02
u[253][2],   2.5000000000E+02
u[254][2],   2.5000000000E+02
u[255][2],   2.5000000000E+02
u[256][2],   2.5000000000E+02
u[257][2],   2.5000000000E+02
u[258][2],   2.5000000000E+02
u[259][2],   2.5000000000E+02
u[260][2],   2.5000000000E+02
u[261][2],   2.5000000000E+02
u[262][2],   2.5000000000E+02
u[263][2],   2.5000000000E+02
u[264][2],   2.5000000000E+02
u[265][2],   2.5000000000E+02
u[266][2],   2.5000000000E+02
u[267][2],   2.5000000000E+02
u[268][2],   2.5000000000E+02
u[269][2],   2.5000000000E+02
u[270][2],   2.5000000000E+02
u[271][2],   2.5000000000E+02
u[272][2],   2.5000000000E+02
u[273][2],   2.5000000000E+02
u[274][2],   2.5000000000E+02
u[275][2],   2.5000000000E+02
u[276][2],   2.5000000000E+02
u[277][2],   2.5000000000E+02
u[278][2],   2.5000000000E+02
u[279][2],   2.5000000000E+02
u[280][2],   2.5000000000E+02
u[281][2],   2.5000000000E+02
u[282][2],   2.5000000000E+02
u[283][2],   2.5000000000E+02
u[284][2],   2.5000000000E+02
u[285][2],   2.5000000000E+02
u[286][2],   2.5000000000E+02
u[287][2],   2.5000000000E+02
u[288][2],   2.5000000000E+02
u[289][2],   2.5000000000E+02
u[290][2],   2.5000000000E+02
u[291][2],   2.5000000000E+02
u[292][2],   2.5000000000E+02
u[293][2],   2.5000000000E+02
u[294][2],   2.5000000000E+02
u[295][2],   2.5000000000E+02
u[296][2],   2.5000000000E+02
u[297][2],   2.5000000000E+02
u[298][2],   2.5000000000E+02
u[299][2],   2.5000000000E+02
u[300][2],   2.5000000000E+02
u[301][2],   2.5000000000E+02
u[302][2],   2.5000000000E+02
u[303][2],   2.5000000000E+02
u[304][2],   2.5000000000E+02
u[305][2],   2.5000000000E+02
u[306][2],   2.5000000000E+02
u[307][2],   2.5000000000E+02
u[308][2],   2.5000000000E+02
u[309][2],   2.5000000000E+02
u[310][2],   2.5000000000E+02
u[311][2],   2.5000000000E+02
u[312][2],   2.5000000000E+02
u[313][2],   2.5000000000E+02
u[314][2],   2.5000000000E+02
u[315][2],   2.5000000000E+02
u[316][2],   2.5000000000E+02
u[317][2],   2.5000000000E+02
u[318][2],   2.5000000000E+02
u[319][2],   2.5000000000E+02
u[320][2],   2.5000000000E+02
u[321][2],   2.5000000000E+02
u[322][2],   2.5000000000E+02
u[323][2],   2.5000000000E+02
u[324][2],   2.5000000000E+02
u[325][2],   2.5000000000E+02
u[326][2],   2.5000000000E+02
u[327][2],   2.5000000000E+02
u[328][2],   2.5000000000E+02
u[329][2], 0.00              
u[330][2], 0.00              
u[331][2], 0.00              
u[332][2], 0.00              
u[333][2], 0.00              
u[334][2], 0.00              
u[335][2], 0.00              
u[336][2], 0.00              
u[337][2], 0.00              
u[338][2], 0.00              
u[339][2], 0.00              
u[340][2], 0.00              
u[341][2], 0.00              
u[342][2], 0.00              
u[343][2], 0.00              
u[344][2], 0.00              
u[345][2], 0.00              
u[346][2], 0.00              
u[347][2], 0.00              
u[348][2], 0.00              
u[349][2], 0.00              
u[350][2], 0.00              
u[351][2], 0.00              
u[352][2], 0.00              
u[353][2], 0.00              
u[354][2], 0.00              
u[355][2], 0.00              
u[356][2], 0.00              
u[357][2], 0.00              
u[358][2], 0.00              
u[359][2], 0.00              
u[360][2], 0.00              
u[361][2], 0.00              
u[362][2], 0.00              
u[363][2], 0.00              
u[364][2], 0.00              
u[365][2], 0.00              
u[366][2], 0.00              
u[367][2], 0.00              
u[368][2], 0.00              
u[369][2], 0.00              
u[370][2], 0.00              
u[371][2], 0.00              
u[372][2], 0.00              
u[373][2], 0.00              
u[374][2], 0.00              
u[375][2], 0.00              
u[376][2], 0.00              
u[377][2], 0.00              
u[378][2], 0.00              
u[379][2], 0.00              
u[380][2], 0.00              
u[381][2], 0.00              
u[382][2], 0.00              
u[383][2], 0.00              
u[384][2], 0.00              
u[385][2], 0.00              
u[386][2], 0.00              
u[387][2], 0.00              
u[388][2], 0.00              
u[389][2], 0.00              
u[390][2], 0.00              
u[391][2], 0.00              
u[392][2], 0.00              
u[393][2], 0.00              
u[394][2], 0.00              
u[395][2], 0.00              
u[396][2], 0.00              
u[397][2], 0.00              
u[398][2], 0.00              
u[399][2], 0.00              
u[400][2], 0.00              
u[401][2], 0.00              
u[402][2], 0.00              
u[403][2], 0.00              
u[404][2], 0.00              
u[405][2], 0.00              
u[406][2], 0.00              
u[407][2], 0.00              
u[408][2], 0.00              
u[409][2], 0.00              
u[410][2], 0.00              
u[411][2], 0.00              
u[412][2], 0.00              
u[413][2], 0.00              
u[414][2], 0.00              
u[415][2], 0.00              
u[416][2], 0.00              
u[417][2], 0.00              
u[418][2], 0.00              
u[419][2], 0.00              
u[420][2], 0.00              
u[421][2], 0.00              
u[422][2], 0.00              
u[423][2], 0.00              
u[424][2], 0.00              
u[425][2], 0.00              
u[426][2], 0.00              
u[427][2], 0.00              
u[428][2], 0.00              
u[429][2], 0.00              
u[430][2], 0.00              
u[431][2], 0.00              
u[432][2], 0.00              
u[433][2], 0.00              
u[434][2], 0.00              
u[435][2], 0.00              
u[436][2], 0.00              
u[437][2], 0.00              
u[438][2], 0.00              
u[439][2], 0.00              
u[440][2], 0.00              
u[441][2], 0.00              
u[442][2], 0.00              
u[443][2], 0.00              
u[444][2], 0.00              
u[445][2], 0.00              
u[446][2], 0.00              
u[447][2], 0.00              
u[448][2], 0.00              
u[449][2], 0.00              
u[450][2], 0.00              
u[451][2], 0.00              
u[452][2], 0.00              
u[453][2], 0.00              
u[454][2], 0.00              
u[455][2], 0.00              
u[456][2], 0.00              
u[457][2], 0.00              
u[458][2], 0.00              
u[459][2], 0.00              
u[460][2], 0.00              
u[461][2], 0.00              
u[462][2], 0.00              
u[463][2], 0.00              
u[464][2], 0.00              
u[465][2], 0.00              
u[466][2], 0.00              
u[467][2], 0.00              
u[468][2], 0.00              
u[469][2], 0.00              
u[470][2], 0.00              
u[471][2], 0.00              
u[472][2], 0.00              
u[473][2], 0.00              
u[474][2], 0.00              
u[475][2], 0.00              
u[476][2], 0.00              
u[477][2], 0.00              
u[478][2], 0.00              
u[479][2], 0.00              
u[480][2], 0.00              
u[481][2], 0.00              
u[482][2], 0.00              
u[483][2], 0.00              
u[484][2], 0.00              
u[485][2], 0.00              
u[486][2], 0.00              
u[487][2], 0.00              
u[488][2], 0.00              
u[489][2], 0.00              
u[490][2], 0.00              
u[491][2], 0.00              
u[492][2], 0.00              
u[493][2], 0.00              
u[494][2], 0.00              
u[495][2], 0.00              
u[496][2], 0.00              
u[497][2], 0.00              
y[1][1], 0.00              
y[2][1], 0.00              
y[3][1], 0.00              
y[1][2], 0.00              
y[2][2],   5.8000000000E-01
y[3][2],   1.1610000000E+00
z[1][1], 0.00              
z[2][1], 0.00              
z[3][1], 0.00              
z[4][1], 0.00              
z[5][1], 0.00              
z[6][1], 0.00              
z[7][1], 0.00              
z[8][1], 0.00              
z[9][1], 0.00              
z[10][1], 0.00              
z[11][1], 0.00              
z[12][1], 0.00              
z[13][1], 0.00              
z[14][1], 0.00              
z[15][1], 0.00              
z[16][1], 0.00              
z[17][1], 0.00              
z[18][1], 0.00              
z[19][1], 0.00              
z[20][1], 0.00              
z[21][1], 0.00              
z[22][1], 0.00              
z[23][1], 0.00              
z[24][1], 0.00              
z[25][1], 0.00              
z[26][1], 0.00              
z[27][1], 0.00              
z[28][1], 0.00              
z[29][1], 0.00              
z[30][1],   5.8000000000E-01
z[31][1], 0.00              
z[32][1],   5.8000000000E-01
z[33][1],   5.8000000000E-01
z[34][1],   5.8000000000E-01
z[35][1],   1.1600000000E+00
z[36][1],   1.1600000000E+00
z[37][1],   1.1600000000E+00
z[38][1],   1.1600000000E+00
z[39][1],   1.7400000000E+00
z[40][1],   1.7400000000E+00
z[41][1],   1.7400000000E+00
z[42][1],   2.3200000000E+00
z[43][1],   2.3200000000E+00
z[44][1],   2.9000000000E+00
z[45][1],   2.9000000000E+00
z[46][1],   2.9000000000E+00
z[47][1],   3.4800000000E+00
z[48][1],   3.4800000000E+00
z[49][1],   4.0600000000E+00
z[50][1],   4.0600000000E+00
z[51][1],   4.0600000000E+00
z[52][1],   4.6400000000E+00
z[53][1],   4.6400000000E+00
z[54][1],   5.2200000000E+00
z[55][1],   5.2200000000E+00
z[56][1],   5.2200000000E+00
z[57][1],   5.8000000000E+00
z[58][1],   5.8000000000E+00
z[59][1],   6.3810000000E+00
z[60][1],   6.3810000000E+00
z[61][1],   6.9610000000E+00
z[62][1],   6.9610000000E+00
z[63][1],   6.9610000000E+00
z[64][1],   7.5410000000E+00
z[65][1],   7.5410000000E+00
z[66][1],   8.1210000000E+00
z[67][1],   8.1210000000E+00
z[68][1],   8.7010000000E+00
z[69][1],   8.7010000000E+00
z[70][1],   9.2810000000E+00
z[71][1],   9.2810000000E+00
z[72][1],   9.2810000000E+00
z[73][1],   9.8610000000E+00
z[74][1],   9.8610000000E+00
z[75][1],   1.0441000000E+01
z[76][1],   1.0441000000E+01
z[77][1],   1.0441000000E+01
z[78][1],   1.1021000000E+01
z[79][1],   1.1021000000E+01
z[80][1],   1.1601000000E+01
z[81][1],   1.1601000000E+01
z[82][1],   1.1601000000E+01
z[83][1],   1.2181000000E+01
z[84][1],   1.2181000000E+01
z[85][1],   1.2761000000E+01
z[86][1],   1.3341000000E+01
z[87][1],   1.3341000000E+01
z[88][1],   1.3922000000E+01
z[89][1],   1.4502000000E+01
z[90][1],   1.4502000000E+01
z[91][1],   1.5082000000E+01
z[92][1],   1.5662000000E+01
z[93][1],   1.6242000000E+01
z[94][1],   1.6822000000E+01
z[95][1],   1.6822000000E+01
z[96][1],   1.7402000000E+01
z[97][1],   1.7982000000E+01
z[98][1],   1.8562000000E+01
z[99][1],   1.9142000000E+01
z[100][1],   1.9722000000E+01
z[101][1],   1.9722000000E+01
z[102][1],   2.0302000000E+01
z[103][1],   2.0302000000E+01
z[104][1],   2.0882000000E+01
z[105][1],   2.1462000000E+01
z[106][1],   2.2042000000E+01
z[107][1],   2.2042000000E+01
z[108][1],   2.2622000000E+01
z[109][1],   2.3202000000E+01
z[110][1],   2.3782000000E+01
z[111][1],   2.4362000000E+01
z[112][1],   2.4942000000E+01
z[113][1],   2.5522000000E+01
z[114][1],   2.6102000000E+01
z[115][1],   2.6683000000E+01
z[116][1],   2.6683000000E+01
z[117][1],   2.7263000000E+01
z[118][1],   2.7843000000E+01
z[119][1],   2.8423000000E+01
z[120][1],   2.9003000000E+01
z[121][1],   2.9583000000E+01
z[122][1],   3.0163000000E+01
z[123][1],   3.0743000000E+01
z[124][1],   3.1323000000E+01
z[125][1],   3.1323000000E+01
z[126][1],   3.1903000000E+01
z[127][1],   3.2483000000E+01
z[128][1],   3.3063000000E+01
z[129][1],   3.3644000000E+01
z[130][1],   3.4224000000E+01
z[131][1],   3.4224000000E+01
z[132][1],   3.4804000000E+01
z[133][1],   3.5384000000E+01
z[134][1],   3.5964000000E+01
z[135][1],   3.6544000000E+01
z[136][1],   3.6544000000E+01
z[137][1],   3.7121000000E+01
z[138][1],   3.7701000000E+01
z[139][1],   3.8281000000E+01
z[140][1],   3.8861000000E+01
z[141][1],   3.8861000000E+01
z[142][1],   3.9441000000E+01
z[143][1],   4.0021000000E+01
z[144][1],   4.0601000000E+01
z[145][1],   4.0601000000E+01
z[146][1],   4.1181000000E+01
z[147][1],   4.1761000000E+01
z[148][1],   4.2341000000E+01
z[149][1],   4.2341000000E+01
z[150][1],   4.2921000000E+01
z[151][1],   4.2921000000E+01
z[152][1],   4.3501000000E+01
z[153][1],   4.4081000000E+01
z[154][1],   4.4081000000E+01
z[155][1],   4.4661000000E+01
z[156][1],   4.5251000000E+01
z[157][1],   4.5831000000E+01
z[158][1],   4.5831000000E+01
z[159][1],   4.6411000000E+01
z[160][1],   4.6991000000E+01
z[161][1],   4.7571000000E+01
z[162][1],   4.7571000000E+01
z[163][1],   4.8151000000E+01
z[164][1],   4.8731000000E+01
z[165][1],   4.9311000000E+01
z[166][1],   4.9311000000E+01
z[167][1],   4.9891000000E+01
z[168][1],   5.0471000000E+01
z[169][1],   5.1051000000E+01
z[170][1],   5.1051000000E+01
z[171][1],   5.1631000000E+01
z[172][1],   5.2211000000E+01
z[173][1],   5.2791000000E+01
z[174][1],   5.2791000000E+01
z[175][1],   5.3371000000E+01
z[176][1],   5.3951000000E+01
z[177][1],   5.4531000000E+01
z[178][1],   5.4531000000E+01
z[179][1],   5.5111000000E+01
z[180][1],   5.5691000000E+01
z[181][1],   5.6271000000E+01
z[182][1],   5.6271000000E+01
z[183][1],   5.6851000000E+01
z[184][1],   5.6851000000E+01
z[185][1],   5.7431000000E+01
z[186][1],   5.8011000000E+01
z[187][1],   5.8011000000E+01
z[188][1],   5.8591000000E+01
z[189][1],   5.8591000000E+01
z[190][1],   5.9171000000E+01
z[191][1],   5.9171000000E+01
z[192][1],   5.9171000000E+01
z[193][1],   5.9171000000E+01
z[194][1],   5.9171000000E+01
z[195][1],   5.9171000000E+01
z[196][1],   5.9171000000E+01
z[197][1],   5.9171000000E+01
z[198][1],   5.9171000000E+01
z[199][1],   5.9171000000E+01
z[200][1],   5.8591000000E+01
z[201][1],   5.8591000000E+01
z[202][1],   5.8591000000E+01
z[203][1],   5.8011000000E+01
z[204][1],   5.8011000000E+01
z[205][1],   5.8011000000E+01
z[206][1],   5.7431000000E+01
z[207][1],   5.7431000000E+01
z[208][1],   5.7431000000E+01
z[209][1],   5.6851000000E+01
z[210][1],   5.6851000000E+01
z[211][1],   5.6271000000E+01
z[212][1],   5.6271000000E+01
z[213][1],   5.5691000000E+01
z[214][1],   5.5691000000E+01
z[215][1],   5.5111000000E+01
z[216][1],   5.5111000000E+01
z[217][1],   5.5111000000E+01
z[218][1],   5.4531000000E+01
z[219][1],   5.3951000000E+01
z[220][1],   5.3951000000E+01
z[221][1],   5.3951000000E+01
z[222][1],   5.3371000000E+01
z[223][1],   5.2791000000E+01
z[224][1],   5.2791000000E+01
z[225][1],   5.2211000000E+01
z[226][1],   5.2211000000E+01
z[227][1],   5.1631000000E+01
z[228][1],   5.1631000000E+01
z[229][1],   5.1051000000E+01
z[230][1],   5.1051000000E+01
z[231][1],   5.0471000000E+01
z[232][1],   5.0471000000E+01
z[233][1],   4.9891000000E+01
z[234][1],   4.9311000000E+01
z[235][1],   4.9311000000E+01
z[236][1],   4.8731000000E+01
z[237][1],   4.8731000000E+01
z[238][1],   4.8151000000E+01
z[239][1],   4.7571000000E+01
z[240][1],   4.7571000000E+01
z[241][1],   4.7571000000E+01
z[242][1],   4.6991000000E+01
z[243][1],   4.6411000000E+01
z[244][1],   4.6411000000E+01
z[245][1],   4.5831000000E+01
z[246][1],   4.5831000000E+01
z[247][1],   4.5251000000E+01
z[248][1],   4.5251000000E+01
z[249][1],   4.5251000000E+01
z[250][1],   4.5251000000E+01
z[251][1],   4.5251000000E+01
z[252][1],   4.4671000000E+01
z[253][1],   4.4091000000E+01
z[254][1],   4.4091000000E+01
z[255][1],   4.3511000000E+01
z[256][1],   4.3511000000E+01
z[257][1],   4.2931000000E+01
z[258][1],   4.2931000000E+01
z[259][1],   4.2931000000E+01
z[260][1],   4.2351000000E+01
z[261][1],   4.2351000000E+01
z[262][1],   4.1771000000E+01
z[263][1],   4.1771000000E+01
z[264][1],   4.1191000000E+01
z[265][1],   4.1191000000E+01
z[266][1],   4.0611000000E+01
z[267][1],   4.0611000000E+01
z[268][1],   4.0611000000E+01
z[269][1],   4.0031000000E+01
z[270][1],   4.0031000000E+01
z[271][1],   3.9451000000E+01
z[272][1],   3.9451000000E+01
z[273][1],   3.8871000000E+01
z[274][1],   3.8871000000E+01
z[275][1],   3.8871000000E+01
z[276][1],   3.8291000000E+01
z[277][1],   3.8291000000E+01
z[278][1],   3.8291000000E+01
z[279][1],   3.8291000000E+01
z[280][1],   3.7711000000E+01
z[281][1],   3.7711000000E+01
z[282][1],   3.7134000000E+01
z[283][1],   3.7134000000E+01
z[284][1],   3.7134000000E+01
z[285][1],   3.6554000000E+01
z[286][1],   3.6554000000E+01
z[287][1],   3.6554000000E+01
z[288][1],   3.6554000000E+01
z[289][1],   3.6554000000E+01
z[290][1],   3.5974000000E+01
z[291][1],   3.5974000000E+01
z[292][1],   3.5974000000E+01
z[293][1],   3.5974000000E+01
z[294][1],   3.5974000000E+01
z[295][1],   3.5974000000E+01
z[296][1],   3.5974000000E+01
z[297][1],   3.5974000000E+01
z[298][1],   3.6554000000E+01
z[299][1],   3.6554000000E+01
z[300][1],   3.7134000000E+01
z[301][1],   3.7134000000E+01
z[302][1],   3.7711000000E+01
z[303][1],   3.7711000000E+01
z[304][1],   3.8291000000E+01
z[305][1],   3.8871000000E+01
z[306][1],   3.9451000000E+01
z[307][1],   3.9451000000E+01
z[308][1],   4.0031000000E+01
z[309][1],   4.0611000000E+01
z[310][1],   4.1191000000E+01
z[311][1],   4.1191000000E+01
z[312][1],   4.1771000000E+01
z[313][1],   4.2351000000E+01
z[314][1],   4.2931000000E+01
z[315][1],   4.2931000000E+01
z[316][1],   4.3511000000E+01
z[317][1],   4.4091000000E+01
z[318][1],   4.4671000000E+01
z[319][1],   4.5251000000E+01
z[320][1],   4.5831000000E+01
z[321][1],   4.5831000000E+01
z[322][1],   4.6411000000E+01
z[323][1],   4.6991000000E+01
z[324][1],   4.7571000000E+01
z[325][1],   4.8151000000E+01
z[326][1],   4.8731000000E+01
z[327][1],   4.9311000000E+01
z[328][1],   4.9891000000E+01
z[329][1],   4.9891000000E+01
z[330][1],   4.9891000000E+01
z[331][1],   5.1051000000E+01
z[332][1],   5.1051000000E+01
z[333][1],   5.1631000000E+01
z[334][1],   5.2211000000E+01
z[335][1],   5.2791000000E+01
z[336][1],   5.3371000000E+01
z[337][1],   5.3951000000E+01
z[338][1],   5.4531000000E+01
z[339][1],   5.5111000000E+01
z[340][1],   5.5691000000E+01
z[341][1],   5.6271000000E+01
z[342][1],   5.6851000000E+01
z[343][1],   5.7431000000E+01
z[344][1],   5.8011000000E+01
z[345][1],   5.8591000000E+01
z[346][1],   5.9171000000E+01
z[347][1],   5.9751000000E+01
z[348][1],   6.0331000000E+01
z[349][1],   6.0331000000E+01
z[350][1],   6.1491000000E+01
z[351][1],   6.1491000000E+01
z[352][1],   6.2071000000E+01
z[353][1],   6.2651000000E+01
z[354][1],   6.3231000000E+01
z[355][1],   6.3811000000E+01
z[356][1],   6.4391000000E+01
z[357][1],   6.4391000000E+01
z[358][1],   6.4971000000E+01
z[359][1],   6.5551000000E+01
z[360][1],   6.6131000000E+01
z[361][1],   6.6711000000E+01
z[362][1],   6.6711000000E+01
z[363][1],   6.7291000000E+01
z[364][1],   6.7871000000E+01
z[365][1],   6.7871000000E+01
z[366][1],   6.8451000000E+01
z[367][1],   6.9031000000E+01
z[368][1],   6.9611000000E+01
z[369][1],   6.9611000000E+01
z[370][1],   7.0191000000E+01
z[371][1],   7.0771000000E+01
z[372][1],   7.1351000000E+01
z[373][1],   7.1351000000E+01
z[374][1],   7.1931000000E+01
z[375][1],   7.2511000000E+01
z[376][1],   7.2511000000E+01
z[377][1],   7.3091000000E+01
z[378][1],   7.3671000000E+01
z[379][1],   7.3671000000E+01
z[380][1],   7.4251000000E+01
z[381][1],   7.4251000000E+01
z[382][1],   7.4831000000E+01
z[383][1],   7.4831000000E+01
z[384][1],   7.5411000000E+01
z[385][1],   7.5411000000E+01
z[386][1],   7.5411000000E+01
z[387][1],   7.5411000000E+01
z[388][1],   7.5991000000E+01
z[389][1],   7.5991000000E+01
z[390][1],   7.5991000000E+01
z[391][1],   7.5991000000E+01
z[392][1],   7.5411000000E+01
z[393][1],   7.5411000000E+01
z[394][1],   7.5411000000E+01
z[395][1],   7.4831000000E+01
z[396][1],   7.4831000000E+01
z[397][1],   7.4831000000E+01
z[398][1],   7.4251000000E+01
z[399][1],   7.4251000000E+01
z[400][1],   7.3671000000E+01
z[401][1],   7.3671000000E+01
z[402][1],   7.3091000000E+01
z[403][1],   7.3091000000E+01
z[404][1],   7.2511000000E+01
z[405][1],   7.1931000000E+01
z[406][1],   7.1351000000E+01
z[407][1],   7.1351000000E+01
z[408][1],   7.0771000000E+01
z[409][1],   7.0771000000E+01
z[410][1],   7.0191000000E+01
z[411][1],   6.9611000000E+01
z[412][1],   6.9611000000E+01
z[413][1],   6.9031000000E+01
z[414][1],   6.8451000000E+01
z[415][1],   6.7871000000E+01
z[416][1],   6.7291000000E+01
z[417][1],   6.7291000000E+01
z[418][1],   6.6711000000E+01
z[419][1],   6.6131000000E+01
z[420][1],   6.5551000000E+01
z[421][1],   6.4971000000E+01
z[422][1],   6.4971000000E+01
z[423][1],   6.4391000000E+01
z[424][1],   6.3811000000E+01
z[425][1],   6.3811000000E+01
z[426][1],   6.3231000000E+01
z[427][1],   6.2651000000E+01
z[428][1],   6.2071000000E+01
z[429][1],   6.2071000000E+01
z[430][1],   6.1491000000E+01
z[431][1],   6.0911000000E+01
z[432][1],   6.0911000000E+01
z[433][1],   6.0331000000E+01
z[434][1],   5.9751000000E+01
z[435][1],   5.9171000000E+01
z[436][1],   5.9171000000E+01
z[437][1],   5.8591000000E+01
z[438][1],   5.8011000000E+01
z[439][1],   5.7431000000E+01
z[440][1],   5.7431000000E+01
z[441][1],   5.6851000000E+01
z[442][1],   5.6271000000E+01
z[443][1],   5.6271000000E+01
z[444][1],   5.5691000000E+01
z[445][1],   5.5111000000E+01
z[446][1],   5.5111000000E+01
z[447][1],   5.4531000000E+01
z[448][1],   5.3951000000E+01
z[449][1],   5.3951000000E+01
z[450][1],   5.3371000000E+01
z[451][1],   5.3371000000E+01
z[452][1],   5.2791000000E+01
z[453][1],   5.2211000000E+01
z[454][1],   5.2211000000E+01
z[455][1],   5.1631000000E+01
z[456][1],   5.1051000000E+01
z[457][1],   5.1051000000E+01
z[458][1],   5.0471000000E+01
z[459][1],   4.9891000000E+01
z[460][1],   4.9891000000E+01
z[461][1],   4.9891000000E+01
z[462][1],   4.9311000000E+01
z[463][1],   4.8731000000E+01
z[464][1],   4.8731000000E+01
z[465][1],   4.8151000000E+01
z[466][1],   4.8151000000E+01
z[467][1],   4.7571000000E+01
z[468][1],   4.6991000000E+01
z[469][1],   4.6991000000E+01
z[470][1],   4.6411000000E+01
z[471][1],   4.6411000000E+01
z[472][1],   4.5831000000E+01
z[473][1],   4.5831000000E+01
z[474][1],   4.5251000000E+01
z[475][1],   4.5251000000E+01
z[476][1],   4.4661000000E+01
z[477][1],   4.4661000000E+01
z[478][1],   4.4081000000E+01
z[479][1],   4.4081000000E+01
z[480][1],   4.3501000000E+01
z[481][1],   4.3501000000E+01
z[482][1],   4.2921000000E+01
z[483][1],   4.2921000000E+01
z[484][1],   4.2921000000E+01
z[485][1],   4.2341000000E+01
z[486][1],   4.2341000000E+01
z[487][1],   4.1761000000E+01
z[488][1],   4.1761000000E+01
z[489][1],   4.1181000000E+01
z[490][1],   4.1181000000E+01
z[491][1],   4.0601000000E+01
z[492][1],   4.0601000000E+01
z[493][1],   4.0021000000E+01
z[494][1],   4.0021000000E+01
z[495][1],   3.9441000000E+01
z[496][1],   3.9441000000E+01
z[497][1],   3.9441000000E+01
z[1][2], 0.00              
z[2][2],   5.8000000000E-01
z[3][2],   1.1610000000E+00
z[4][2],   5.8000000000E-01
z[5][2],   5.8000000000E-01
z[6][2],   5.8000000000E-01
z[7][2],   5.8000000000E-01
z[8][2],   5.8000000000E-01
z[9][2],   5.8000000000E-01
z[10][2],   5.8000000000E-01
z[11][2],   5.8000000000E-01
z[12][2],   5.8000000000E-01
z[13][2],   5.8000000000E-01
z[14][2],   5.8000000000E-01
z[15][2],   5.8000000000E-01
z[16][2],   5.8000000000E-01
z[17][2],   5.8000000000E-01
z[18][2],   5.8000000000E-01
z[19][2],   5.8000000000E-01
z[20][2],   5.8000000000E-01
z[21][2],   5.8000000000E-01
z[22][2],   5.8000000000E-01
z[23][2],   5.8000000000E-01
z[24][2],   5.8000000000E-01
z[25][2],   5.8000000000E-01
z[26][2],   5.8000000000E-01
z[27][2],   5.8000000000E-01
z[28][2],   5.8000000000E-01
z[29][2],   5.8000000000E-01
z[30][2],   5.8000000000E-01
z[31][2],   5.8000000000E-01
z[32][2],   5.8000000000E-01
z[33][2],   5.8000000000E-01
z[34][2],   5.8000000000E-01
z[35][2], 0.00              
z[36][2],   5.8000000000E-01
z[37][2],   5.8000000000E-01
z[38][2],   5.8000000000E-01
z[39][2],   5.8000000000E-01
z[40][2],   5.8000000000E-01
z[41][2],   5.8000000000E-01
z[42][2],   5.8000000000E-01
z[43][2],   5.8000000000E-01
z[44][2],   1.1610000000E+00
z[45][2],   5.8000000000E-01
z[46][2],   1.1610000000E+00
z[47][2],   1.1610000000E+00
z[48][2],   1.1610000000E+00
z[49][2],   5.8000000000E-01
z[50][2],   1.1610000000E+00
z[51][2],   1.1610000000E+00
z[52][2],   1.1610000000E+00
z[53][2],   1.1610000000E+00
z[54][2],   1.1610000000E+00
z[55][2],   1.1610000000E+00
z[56][2],   1.1610000000E+00
z[57][2],   1.1610000000E+00
z[58][2],   1.1610000000E+00
z[59][2],   5.8000000000E-01
z[60][2],   1.1610000000E+00
z[61][2],   1.1610000000E+00
z[62][2],   1.1610000000E+00
z[63][2],   1.1610000000E+00
z[64][2],   1.1610000000E+00
z[65][2],   1.1610000000E+00
z[66][2],   1.1610000000E+00
z[67][2],   1.1610000000E+00
z[68][2],   1.1610000000E+00
z[69][2],   1.1610000000E+00
z[70][2],   1.1610000000E+00
z[71][2],   1.1610000000E+00
z[72][2],   1.1610000000E+00
z[73][2],   1.1610000000E+00
z[74][2],   1.7410000000E+00
z[75][2],   1.7410000000E+00
z[76][2],   1.1610000000E+00
z[77][2],   1.7410000000E+00
z[78][2],   1.7410000000E+00
z[79][2],   1.7410000000E+00
z[80][2],   1.7410000000E+00
z[81][2],   1.7410000000E+00
z[82][2],   1.7410000000E+00
z[83][2],   1.7410000000E+00
z[84][2],   1.7410000000E+00
z[85][2],   1.7410000000E+00
z[86][2],   1.7410000000E+00
z[87][2],   1.7410000000E+00
z[88][2],   1.7410000000E+00
z[89][2],   1.7410000000E+00
z[90][2],   1.7410000000E+00
z[91][2],   1.7410000000E+00
z[92][2],   1.7410000000E+00
z[93][2],   2.3210000000E+00
z[94][2],   2.3210000000E+00
z[95][2],   2.3210000000E+00
z[96][2],   2.3210000000E+00
z[97][2],   2.3210000000E+00
z[98][2],   2.3210000000E+00
z[99][2],   2.3210000000E+00
z[100][2],   2.3210000000E+00
z[101][2],   2.3210000000E+00
z[102][2],   2.9010000000E+00
z[103][2],   2.9010000000E+00
z[104][2],   2.9010000000E+00
z[105][2],   3.4810000000E+00
z[106][2],   3.4810000000E+00
z[107][2],   4.0610000000E+00
z[108][2],   4.0610000000E+00
z[109][2],   4.6410000000E+00
z[110][2],   5.2210000000E+00
z[111][2],   5.2210000000E+00
z[112][2],   6.3810000000E+00
z[113][2],   6.9610000000E+00
z[114][2],   7.5410000000E+00
z[115][2],   7.5410000000E+00
z[116][2],   8.7010000000E+00
z[117][2],   9.2810000000E+00
z[118][2],   9.2810000000E+00
z[119][2],   9.8610000000E+00
z[120][2],   1.0441000000E+01
z[121][2],   1.1021000000E+01
z[122][2],   1.1021000000E+01
z[123][2],   1.1601000000E+01
z[124][2],   1.2181000000E+01
z[125][2],   1.2761000000E+01
z[126][2],   1.3921000000E+01
z[127][2],   1.4501000000E+01
z[128][2],   1.5081000000E+01
z[129][2],   1.6241000000E+01
z[130][2],   1.6821000000E+01
z[131][2],   1.7401000000E+01
z[132][2],   1.8571000000E+01
z[133][2],   1.9151000000E+01
z[134][2],   1.9731000000E+01
z[135][2],   2.0311000000E+01
z[136][2],   2.0891000000E+01
z[137][2],   2.1471000000E+01
z[138][2],   2.2051000000E+01
z[139][2],   2.2631000000E+01
z[140][2],   2.3211000000E+01
z[141][2],   2.3791000000E+01
z[142][2],   2.4951000000E+01
z[143][2],   2.5531000000E+01
z[144][2],   2.6111000000E+01
z[145][2],   2.6691000000E+01
z[146][2],   2.7271000000E+01
z[147][2],   2.7851000000E+01
z[148][2],   2.8431000000E+01
z[149][2],   2.9011000000E+01
z[150][2],   2.9591000000E+01
z[151][2],   2.9591000000E+01
z[152][2],   3.0751000000E+01
z[153][2],   3.1331000000E+01
z[154][2],   3.1331000000E+01
z[155][2],   3.1911000000E+01
z[156][2],   3.2491000000E+01
z[157][2],   3.3071000000E+01
z[158][2],   3.3651000000E+01
z[159][2],   3.3651000000E+01
z[160][2],   3.4231000000E+01
z[161][2],   3.4811000000E+01
z[162][2],   3.4811000000E+01
z[163][2],   3.5392000000E+01
z[164][2],   3.5392000000E+01
z[165][2],   3.5971000000E+01
z[166][2],   3.5971000000E+01
z[167][2],   3.5971000000E+01
z[168][2],   3.5971000000E+01
z[169][2],   3.5971000000E+01
z[170][2],   3.6551000000E+01
z[171][2],   3.6551000000E+01
z[172][2],   3.6551000000E+01
z[173][2],   3.6551000000E+01
z[174][2],   3.6551000000E+01
z[175][2],   3.7131000000E+01
z[176][2],   3.7131000000E+01
z[177][2],   3.7131000000E+01
z[178][2],   3.7131000000E+01
z[179][2],   3.7131000000E+01
z[180][2],   3.7131000000E+01
z[181][2],   3.7131000000E+01
z[182][2],   3.7131000000E+01
z[183][2],   3.7131000000E+01
z[184][2],   3.7131000000E+01
z[185][2],   3.7131000000E+01
z[186][2],   3.7131000000E+01
z[187][2],   3.7131000000E+01
z[188][2],   3.7131000000E+01
z[189][2],   3.7131000000E+01
z[190][2],   3.7131000000E+01
z[191][2],   3.7131000000E+01
z[192][2],   3.7131000000E+01
z[193][2],   3.7131000000E+01
z[194][2],   3.7131000000E+01
z[195][2],   3.6551000000E+01
z[196][2],   3.7131000000E+01
z[197][2],   3.6551000000E+01
z[198][2],   3.6551000000E+01
z[199][2],   3.6551000000E+01
z[200][2],   3.6551000000E+01
z[201][2],   3.6551000000E+01
z[202][2],   3.6551000000E+01
z[203][2],   3.6551000000E+01
z[204][2],   3.6551000000E+01
z[205][2],   3.6551000000E+01
z[206][2],   3.6551000000E+01
z[207][2],   3.6551000000E+01
z[208][2],   3.5971000000E+01
z[209][2],   3.5971000000E+01
z[210][2],   3.5971000000E+01
z[211][2],   3.5971000000E+01
z[212][2],   3.5971000000E+01
z[213][2],   3.5971000000E+01
z[214][2],   3.5971000000E+01
z[215][2],   3.5392000000E+01
z[216][2],   3.5971000000E+01
z[217][2],   3.5971000000E+01
z[218][2],   3.5392000000E+01
z[219][2],   3.5392000000E+01
z[220][2],   3.5392000000E+01
z[221][2],   3.5392000000E+01
z[222][2],   3.4811000000E+01
z[223][2],   3.5392000000E+01
z[224][2],   3.4811000000E+01
z[225][2],   3.4811000000E+01
z[226][2],   3.4811000000E+01
z[227][2],   3.4811000000E+01
z[228][2],   3.4811000000E+01
z[229][2],   3.4811000000E+01
z[230][2],   3.4231000000E+01
z[231][2],   3.4231000000E+01
z[232][2],   3.4231000000E+01
z[233][2],   3.4231000000E+01
z[234][2],   3.4231000000E+01
z[235][2],   3.4231000000E+01
z[236][2],   3.3651000000E+01
z[237][2],   3.3651000000E+01
z[238][2],   3.3651000000E+01
z[239][2],   3.3651000000E+01
z[240][2],   3.3651000000E+01
z[241][2],   3.3651000000E+01
z[242][2],   3.3651000000E+01
z[243][2],   3.3651000000E+01
z[244][2],   3.3071000000E+01
z[245][2],   3.3071000000E+01
z[246][2],   3.3071000000E+01
z[247][2],   3.3071000000E+01
z[248][2],   3.3071000000E+01
z[249][2],   3.3071000000E+01
z[250][2],   3.3071000000E+01
z[251][2],   3.3071000000E+01
z[252][2],   3.3071000000E+01
z[253][2],   3.3651000000E+01
z[254][2],   3.3651000000E+01
z[255][2],   3.3651000000E+01
z[256][2],   3.4231000000E+01
z[257][2],   3.4231000000E+01
z[258][2],   3.4811000000E+01
z[259][2],   3.5391000000E+01
z[260][2],   3.5391000000E+01
z[261][2],   3.5971000000E+01
z[262][2],   3.6551000000E+01
z[263][2],   3.7131000000E+01
z[264][2],   3.7711000000E+01
z[265][2],   3.8291000000E+01
z[266][2],   3.8871000000E+01
z[267][2],   3.9451000000E+01
z[268][2],   4.0031000000E+01
z[269][2],   4.0611000000E+01
z[270][2],   4.1191000000E+01
z[271][2],   4.1771000000E+01
z[272][2],   4.2351000000E+01
z[273][2],   4.2931000000E+01
z[274][2],   4.3511000000E+01
z[275][2],   4.3511000000E+01
z[276][2],   4.4671000000E+01
z[277][2],   4.5831000000E+01
z[278][2],   4.6991000000E+01
z[279][2],   4.8731000000E+01
z[280][2],   4.8731000000E+01
z[281][2],   4.9311000000E+01
z[282][2],   4.9891000000E+01
z[283][2],   5.0471000000E+01
z[284][2],   5.1051000000E+01
z[285][2],   5.1051000000E+01
z[286][2],   5.1631000000E+01
z[287][2],   5.2211000000E+01
z[288][2],   5.2211000000E+01
z[289][2],   5.2791000000E+01
z[290][2],   5.3371000000E+01
z[291][2],   5.3951000000E+01
z[292][2],   5.3951000000E+01
z[293][2],   5.3951000000E+01
z[294][2],   5.4531000000E+01
z[295][2],   5.5111000000E+01
z[296][2],   5.5691000000E+01
z[297][2],   5.5111000000E+01
z[298][2],   5.5691000000E+01
z[299][2],   5.6271000000E+01
z[300][2],   5.6851000000E+01
z[301][2],   5.7431000000E+01
z[302][2],   5.5691000000E+01
z[303][2],   5.6851000000E+01
z[304][2],   5.8591000000E+01
z[305][2],   5.8591000000E+01
z[306][2],   5.9171000000E+01
z[307][2],   5.9171000000E+01
z[308][2],   6.0331000000E+01
z[309][2],   5.9751000000E+01
z[310][2],   5.9751000000E+01
z[311][2],   6.0331000000E+01
z[312][2],   6.0331000000E+01
z[313][2],   6.0911000000E+01
z[314][2],   6.1491000000E+01
z[315][2],   6.2071000000E+01
z[316][2],   6.2651000000E+01
z[317][2],   6.2071000000E+01
z[318][2],   6.2651000000E+01
z[319][2],   6.2651000000E+01
z[320][2],   6.3231000000E+01
z[321][2],   6.3811000000E+01
z[322][2],   6.4391000000E+01
z[323][2],   6.4971000000E+01
z[324][2],   6.5551000000E+01
z[325][2],   6.6131000000E+01
z[326][2],   6.6711000000E+01
z[327][2],   6.6711000000E+01
z[328][2],   6.6711000000E+01
z[329][2],   6.6711000000E+01
z[330][2],   6.7291000000E+01
z[331][2],   6.7871000000E+01
z[332][2],   6.7871000000E+01
z[333][2],   6.8451000000E+01
z[334][2],   6.8451000000E+01
z[335][2],   6.9031000000E+01
z[336][2],   6.9031000000E+01
z[337][2],   6.9031000000E+01
z[338][2],   6.9031000000E+01
z[339][2],   6.9031000000E+01
z[340][2],   6.9611000000E+01
z[341][2],   6.9611000000E+01
z[342][2],   6.9611000000E+01
z[343][2],   6.9611000000E+01
z[344][2],   6.9611000000E+01
z[345][2],   6.9611000000E+01
z[346][2],   6.9611000000E+01
z[347][2],   6.9611000000E+01
z[348][2],   6.9031000000E+01
z[349][2],   6.9031000000E+01
z[350][2],   6.9031000000E+01
z[351][2],   6.8451000000E+01
z[352][2],   6.8451000000E+01
z[353][2],   6.8451000000E+01
z[354][2],   6.8451000000E+01
z[355][2],   6.8451000000E+01
z[356][2],   6.7871000000E+01
z[357][2],   6.7871000000E+01
z[358][2],   6.7291000000E+01
z[359][2],   6.7291000000E+01
z[360][2],   6.7291000000E+01
z[361][2],   6.6711000000E+01
z[362][2],   6.6711000000E+01
z[363][2],   6.6711000000E+01
z[364][2],   6.6711000000E+01
z[365][2],   6.6131000000E+01
z[366][2],   6.6131000000E+01
z[367][2],   6.6131000000E+01
z[368][2],   6.5551000000E+01
z[369][2],   6.5551000000E+01
z[370][2],   6.4971000000E+01
z[371][2],   6.4971000000E+01
z[372][2],   6.4971000000E+01
z[373][2],   6.4391000000E+01
z[374][2],   6.4391000000E+01
z[375][2],   6.3811000000E+01
z[376][2],   6.3811000000E+01
z[377][2],   6.3811000000E+01
z[378][2],   6.3231000000E+01
z[379][2],   6.3231000000E+01
z[380][2],   6.2651000000E+01
z[381][2],   6.2651000000E+01
z[382][2],   6.2651000000E+01
z[383][2],   6.2651000000E+01
z[384][2],   6.2071000000E+01
z[385][2],   6.2071000000E+01
z[386][2],   6.2071000000E+01
z[387][2],   6.1491000000E+01
z[388][2],   6.1491000000E+01
z[389][2],   6.1491000000E+01
z[390][2],   6.0911000000E+01
z[391][2],   6.0911000000E+01
z[392][2],   6.0911000000E+01
z[393][2],   6.0331000000E+01
z[394][2],   6.0331000000E+01
z[395][2],   6.0331000000E+01
z[396][2],   5.9751000000E+01
z[397][2],   5.9751000000E+01
z[398][2],   5.9751000000E+01
z[399][2],   5.9171000000E+01
z[400][2],   5.9171000000E+01
z[401][2],   5.9171000000E+01
z[402][2],   5.8591000000E+01
z[403][2],   5.8591000000E+01
z[404][2],   5.8591000000E+01
z[405][2],   5.8011000000E+01
z[406][2],   5.8011000000E+01
z[407][2],   5.8011000000E+01
z[408][2],   5.7431000000E+01
z[409][2],   5.7431000000E+01
z[410][2],   5.7431000000E+01
z[411][2],   5.6851000000E+01
z[412][2],   5.6851000000E+01
z[413][2],   5.6851000000E+01
z[414][2],   5.6271000000E+01
z[415][2],   5.6271000000E+01
z[416][2],   5.6271000000E+01
z[417][2],   5.5691000000E+01
z[418][2],   5.5691000000E+01
z[419][2],   5.5691000000E+01
z[420][2],   5.5111000000E+01
z[421][2],   5.5111000000E+01
z[422][2],   5.5111000000E+01
z[423][2],   5.4531000000E+01
z[424][2],   5.4531000000E+01
z[425][2],   5.4531000000E+01
z[426][2],   5.3951000000E+01
z[427][2],   5.3951000000E+01
z[428][2],   5.3951000000E+01
z[429][2],   5.3951000000E+01
z[430][2],   5.3371000000E+01
z[431][2],   5.3371000000E+01
z[432][2],   5.3371000000E+01
z[433][2],   5.2791000000E+01
z[434][2],   5.2791000000E+01
z[435][2],   5.2791000000E+01
z[436][2],   5.2791000000E+01
z[437][2],   5.2211000000E+01
z[438][2],   5.2211000000E+01
z[439][2],   5.2211000000E+01
z[440][2],   5.1631000000E+01
z[441][2],   5.1631000000E+01
z[442][2],   5.1631000000E+01
z[443][2],   5.1051000000E+01
z[444][2],   5.1051000000E+01
z[445][2],   5.1051000000E+01
z[446][2],   5.0471000000E+01
z[447][2],   5.0471000000E+01
z[448][2],   5.0471000000E+01
z[449][2],   4.9891000000E+01
z[450][2],   4.9891000000E+01
z[451][2],   4.9891000000E+01
z[452][2],   4.9311000000E+01
z[453][2],   4.9311000000E+01
z[454][2],   4.8731000000E+01
z[455][2],   4.8731000000E+01
z[456][2],   4.8731000000E+01
z[457][2],   4.8731000000E+01
z[458][2],   4.8151000000E+01
z[459][2],   4.8151000000E+01
z[460][2],   4.8151000000E+01
z[461][2],   4.8151000000E+01
z[462][2],   4.7571000000E+01
z[463][2],   4.7571000000E+01
z[464][2],   4.7571000000E+01
z[465][2],   4.7571000000E+01
z[466][2],   4.6991000000E+01
z[467][2],   4.6991000000E+01
z[468][2],   4.6991000000E+01
z[469][2],   4.6411000000E+01
z[470][2],   4.6411000000E+01
z[471][2],   4.6411000000E+01
z[472][2],   4.5831000000E+01
z[473][2],   4.5831000000E+01
z[474][2],   4.5831000000E+01
z[475][2],   4.5831000000E+01
z[476][2],   4.5251000000E+01
z[477][2],   4.5251000000E+01
z[478][2],   4.5251000000E+01
z[479][2],   4.5251000000E+01
z[480][2],   4.5251000000E+01
z[481][2],   4.4671000000E+01
z[482][2],   4.4671000000E+01
z[483][2],   4.4671000000E+01
z[484][2],   4.4671000000E+01
z[485][2],   4.4091000000E+01
z[486][2],   4.4091000000E+01
z[487][2],   4.4091000000E+01
z[488][2],   4.3511000000E+01
z[489][2],   4.3511000000E+01
z[490][2],   4.3511000000E+01
z[491][2],   4.3511000000E+01
z[492][2],   4.3511000000E+01
z[493][2],   4.2931000000E+01
z[494][2],   4.2931000000E+01
z[495][2],   4.2931000000E+01
z[496][2],   4.2931000000E+01
z[497][2],   4.2351000000E+01
y[4][1], 0.00              
y[5][1],  -3.5195236438E-39
y[6][1],  -5.3759638493E-39
y[7][1],   5.9980058428E-40
y[8][1],   3.4220201756E-38
y[9][1],   1.1648184744E-37
y[10][1],   2.5865467493E-37
y[11][1],   4.5231277745E-37
y[12][1],   6.6557775841E-37
y[13][1],   8.8676355090E-37
y[14][1],   1.1027032407E-36
y[15][1],   1.2889571063E-36
y[16][1],   1.4344245322E-36
y[17][1],   1.5343358123E-36
y[18][1],   1.6022137234E-36
y[19][1],   1.6450739952E-36
y[20][1],   1.6618694878E-36
y[21][1],  -2.7798804244E-02
y[22][1],  -3.5654369875E-02
y[23][1],  -2.4730488315E-02
y[24][1],   3.8621746414E-03
y[25][1],   4.9063955495E-02
y[26][1],   1.0986414587E-01
y[27][1],   1.8529901907E-01
y[28][1],   2.7444992800E-01
y[29][1],   3.7644147207E-01
y[30][1],   4.9043973101E-01
y[31][1],   6.1565056317E-01
y[32][1],   7.5131796647E-01
y[33][1],   8.9672249964E-01
y[34][1],   1.0511797620E+00
y[35][1],   1.2140389299E+00
y[36][1],   1.3846813471E+00
y[37][1],   1.5625191692E+00
y[38][1],   1.7469940578E+00
y[39][1],   1.9375759245E+00
y[40][1],   2.1337617227E+00
y[41][1],   2.3350742852E+00
y[42][1],   2.5410612061E+00
y[43][1],   2.7512937658E+00
y[44][1],   2.9653658973E+00
y[45][1],   3.1828931928E+00
y[46][1],   3.4035119481E+00
y[47][1],   3.6268782452E+00
y[48][1],   3.8526670704E+00
y[49][1],   4.0805714668E+00
y[50][1],   4.3103017211E+00
y[51][1],   4.5415845813E+00
y[52][1],   4.7741625073E+00
y[53][1],   5.0077929497E+00
y[54][1],   5.2422476590E+00
y[55][1],   5.4773120215E+00
y[56][1],   5.7127844231E+00
y[57][1],   5.9484756383E+00
y[58][1],   6.1842082446E+00
y[59][1],   6.4198160602E+00
y[60][1],   6.6551436061E+00
y[61][1],   6.8900455893E+00
y[62][1],   7.1243864081E+00
y[63][1],   7.3580396781E+00
y[64][1],   7.5908877776E+00
y[65][1],   7.8228214130E+00
y[66][1],   8.0537392018E+00
y[67][1],   8.2835472737E+00
y[68][1],   8.5121588891E+00
y[69][1],   8.7394940731E+00
y[70][1],   8.9654792667E+00
y[71][1],   9.1900469915E+00
y[72][1],   9.4131355306E+00
y[73][1],   9.6346886220E+00
y[74][1],   9.8546551673E+00
y[75][1],   1.0072988951E+01
y[76][1],   1.0289648376E+01
y[77][1],   1.0504596205E+01
y[78][1],   1.0676101115E+01
y[79][1],   1.0875746937E+01
y[80][1],   1.1101762417E+01
y[81][1],   1.1352459441E+01
y[82][1],   1.1626229650E+01
y[83][1],   1.1921541175E+01
y[84][1],   1.2236935495E+01
y[85][1],   1.2571024406E+01
y[86][1],   1.2922487111E+01
y[87][1],   1.3290067405E+01
y[88][1],   1.3672570975E+01
y[89][1],   1.4068862796E+01
y[90][1],   1.4477864629E+01
y[91][1],   1.4898552608E+01
y[92][1],   1.5329954920E+01
y[93][1],   1.5771149576E+01
y[94][1],   1.6221262266E+01
y[95][1],   1.6679464288E+01
y[96][1],   1.7144970573E+01
y[97][1],   1.7617037769E+01
y[98][1],   1.8094962412E+01
y[99][1],   1.8578079160E+01
y[100][1],   1.9065759100E+01
y[101][1],   1.9557408122E+01
y[102][1],   2.0052465354E+01
y[103][1],   2.0550401659E+01
y[104][1],   2.1093341403E+01
y[105][1],   2.1630818891E+01
y[106][1],   2.2163126248E+01
y[107][1],   2.2690539359E+01
y[108][1],   2.3213318617E+01
y[109][1],   2.3731709649E+01
y[110][1],   2.4245944007E+01
y[111][1],   2.4756239835E+01
y[112][1],   2.5262802504E+01
y[113][1],   2.5765825220E+01
y[114][1],   2.6265489617E+01
y[115][1],   2.6761966311E+01
y[116][1],   2.7255415440E+01
y[117][1],   2.7745987179E+01
y[118][1],   2.8233822234E+01
y[119][1],   2.8719052310E+01
y[120][1],   2.9201800569E+01
y[121][1],   2.9682182058E+01
y[122][1],   3.0160304123E+01
y[123][1],   3.0636266810E+01
y[124][1],   3.1110163235E+01
y[125][1],   3.1582079955E+01
y[126][1],   3.2052097308E+01
y[127][1],   3.2520289747E+01
y[128][1],   3.2986726155E+01
y[129][1],   3.3451470147E+01
y[130][1],   3.3914580359E+01
y[131][1],   3.4376110723E+01
y[132][1],   3.4836110730E+01
y[133][1],   3.5294625681E+01
y[134][1],   3.5751696925E+01
y[135][1],   3.6207362090E+01
y[136][1],   3.6661655298E+01
y[137][1],   3.7114607372E+01
y[138][1],   3.7566246038E+01
y[139][1],   3.8016596109E+01
y[140][1],   3.8465679664E+01
y[141][1],   3.8913516222E+01
y[142][1],   3.9360122902E+01
y[143][1],   3.9805514579E+01
y[144][1],   4.0249704028E+01
y[145][1],   4.0692702068E+01
y[146][1],   4.1134517691E+01
y[147][1],   4.1575158190E+01
y[148][1],   4.2014629277E+01
y[149][1],   4.2452935199E+01
y[150][1],   4.2890078843E+01
y[151][1],   4.3326061840E+01
y[152][1],   4.3735310738E+01
y[153][1],   4.4147822399E+01
y[154][1],   4.4563154561E+01
y[155][1],   4.4980889589E+01
y[156][1],   4.5400633374E+01
y[157][1],   4.5822014261E+01
y[158][1],   4.6244682029E+01
y[159][1],   4.6668306912E+01
y[160][1],   4.7092578656E+01
y[161][1],   4.7517205612E+01
y[162][1],   4.7941913871E+01
y[163][1],   4.8366446433E+01
y[164][1],   4.8790562406E+01
y[165][1],   4.9214036242E+01
y[166][1],   4.9636657001E+01
y[167][1],   5.0058227650E+01
y[168][1],   5.0478564387E+01
y[169][1],   5.0897495994E+01
y[170][1],   5.1314863219E+01
y[171][1],   5.1730518183E+01
y[172][1],   5.2144323809E+01
y[173][1],   5.2556153284E+01
y[174][1],   5.2965889531E+01
y[175][1],   5.3373424717E+01
y[176][1],   5.3778659771E+01
y[177][1],   5.4181503932E+01
y[178][1],   5.4581874312E+01
y[179][1],   5.4979695474E+01
y[180][1],   5.5374899041E+01
y[181][1],   5.5767423310E+01
y[182][1],   5.6157212887E+01
y[183][1],   5.6544218343E+01
y[184][1],   5.6997892890E+01
y[185][1],   5.7398842934E+01
y[186][1],   5.7749944479E+01
y[187][1],   5.8053945436E+01
y[188][1],   5.8313470658E+01
y[189][1],   5.8531026792E+01
y[190][1],   5.8709006964E+01
y[191][1],   5.8849695294E+01
y[192][1],   5.8955271255E+01
y[193][1],   5.9027813867E+01
y[194][1],   5.9069305746E+01
y[195][1],   5.9081637008E+01
y[196][1],   5.9066609025E+01
y[197][1],   5.9025938051E+01
y[198][1],   5.8961258711E+01
y[199][1],   5.8874127363E+01
y[200][1],   5.8766025334E+01
y[201][1],   5.8638362043E+01
y[202][1],   5.8492478001E+01
y[203][1],   5.8329647699E+01
y[204][1],   5.8151082395E+01
y[205][1],   5.7957932788E+01
y[206][1],   5.7751291593E+01
y[207][1],   5.7532196026E+01
y[208][1],   5.7301630183E+01
y[209][1],   5.7060527332E+01
y[210][1],   5.6809772125E+01
y[211][1],   5.6550202713E+01
y[212][1],   5.6282612786E+01
y[213][1],   5.6007753530E+01
y[214][1],   5.5726335515E+01
y[215][1],   5.5439030499E+01
y[216][1],   5.5146473169E+01
y[217][1],   5.4849262809E+01
y[218][1],   5.4547964902E+01
y[219][1],   5.4243112673E+01
y[220][1],   5.3935208564E+01
y[221][1],   5.3624725651E+01
y[222][1],   5.3312109012E+01
y[223][1],   5.2997777023E+01
y[224][1],   5.2682122622E+01
y[225][1],   5.2365514501E+01
y[226][1],   5.2048298266E+01
y[227][1],   5.1730797538E+01
y[228][1],   5.1413315013E+01
y[229][1],   5.1096133479E+01
y[230][1],   5.0779516786E+01
y[231][1],   5.0463710780E+01
y[232][1],   5.0148944195E+01
y[233][1],   4.9835429508E+01
y[234][1],   4.9506314477E+01
y[235][1],   4.9181779789E+01
y[236][1],   4.8861700134E+01
y[237][1],   4.8545954031E+01
y[238][1],   4.8234423729E+01
y[239][1],   4.7926995097E+01
y[240][1],   4.7623557533E+01
y[241][1],   4.7324003858E+01
y[242][1],   4.7028230225E+01
y[243][1],   4.6736136023E+01
y[244][1],   4.6447623787E+01
y[245][1],   4.6162599104E+01
y[246][1],   4.5880970532E+01
y[247][1],   4.5602649507E+01
y[248][1],   4.5327550267E+01
y[249][1],   4.5055589763E+01
y[250][1],   4.4829310790E+01
y[251][1],   4.4598639732E+01
y[252][1],   4.4364235695E+01
y[253][1],   4.4126717644E+01
y[254][1],   4.3886666310E+01
y[255][1],   4.3644626018E+01
y[256][1],   4.3401106431E+01
y[257][1],   4.3156584236E+01
y[258][1],   4.2911504746E+01
y[259][1],   4.2666283444E+01
y[260][1],   4.2421307456E+01
y[261][1],   4.2176936966E+01
y[262][1],   4.1933506569E+01
y[263][1],   4.1691326563E+01
y[264][1],   4.1450684195E+01
y[265][1],   4.1211844840E+01
y[266][1],   4.0975053140E+01
y[267][1],   4.0740534088E+01
y[268][1],   4.0508494065E+01
y[269][1],   4.0279121832E+01
y[270][1],   4.0052589481E+01
y[271][1],   3.9829053334E+01
y[272][1],   3.9608654817E+01
y[273][1],   3.9391521278E+01
y[274][1],   3.9177766781E+01
y[275][1],   3.8967492859E+01
y[276][1],   3.8760789228E+01
y[277][1],   3.8557734477E+01
y[278][1],   3.8358396722E+01
y[279][1],   3.8162834224E+01
y[280][1],   3.7971095988E+01
y[281][1],   3.7783222327E+01
y[282][1],   3.7599245401E+01
y[283][1],   3.7419189731E+01
y[284][1],   3.7243072686E+01
y[285][1],   3.7070904950E+01
y[286][1],   3.6902690961E+01
y[287][1],   3.6738429335E+01
y[288][1],   3.6578113264E+01
y[289][1],   3.6352233885E+01
y[290][1],   3.6180129769E+01
y[291][1],   3.6058870557E+01
y[292][1],   3.5985654691E+01
y[293][1],   3.5957804409E+01
y[294][1],   3.5972760919E+01
y[295][1],   3.6028079744E+01
y[296][1],   3.6121426228E+01
y[297][1],   3.6250571201E+01
y[298][1],   3.6413386799E+01
y[299][1],   3.6607842433E+01
y[300][1],   3.6832000897E+01
y[301][1],   3.7084014622E+01
y[302][1],   3.7362122064E+01
y[303][1],   3.7664644217E+01
y[304][1],   3.7989981261E+01
y[305][1],   3.8336609322E+01
y[306][1],   3.8703077363E+01
y[307][1],   3.9088004175E+01
y[308][1],   3.9490075494E+01
y[309][1],   3.9908041209E+01
y[310][1],   4.0340712689E+01
y[311][1],   4.0786960199E+01
y[312][1],   4.1245710415E+01
y[313][1],   4.1715944037E+01
y[314][1],   4.2196693487E+01
y[315][1],   4.2687040698E+01
y[316][1],   4.3186114982E+01
y[317][1],   4.3693090986E+01
y[318][1],   4.4207186721E+01
y[319][1],   4.4727661674E+01
y[320][1],   4.5253814980E+01
y[321][1],   4.5784983680E+01
y[322][1],   4.6320541039E+01
y[323][1],   4.6859894927E+01
y[324][1],   4.7402486274E+01
y[325][1],   4.7947787575E+01
y[326][1],   4.8495301459E+01
y[327][1],   4.9044559319E+01
y[328][1],   4.9595119988E+01
y[329][1],   5.0146568475E+01
y[330][1],   5.0655891546E+01
y[331][1],   5.1172718729E+01
y[332][1],   5.1695971991E+01
y[333][1],   5.2224637452E+01
y[334][1],   5.2757762376E+01
y[335][1],   5.3294452291E+01
y[336][1],   5.3833868224E+01
y[337][1],   5.4375224049E+01
y[338][1],   5.4917783947E+01
y[339][1],   5.5460859967E+01
y[340][1],   5.6003809697E+01
y[341][1],   5.6546034023E+01
y[342][1],   5.7086974990E+01
y[343][1],   5.7626113749E+01
y[344][1],   5.8162968594E+01
y[345][1],   5.8697093079E+01
y[346][1],   5.9228074225E+01
y[347][1],   5.9755530789E+01
y[348][1],   6.0279111625E+01
y[349][1],   6.0798494104E+01
y[350][1],   6.1313382607E+01
y[351][1],   6.1823507090E+01
y[352][1],   6.2328621703E+01
y[353][1],   6.2828503476E+01
y[354][1],   6.3322951064E+01
y[355][1],   6.3811783547E+01
y[356][1],   6.4294839283E+01
y[357][1],   6.4771974819E+01
y[358][1],   6.5243063840E+01
y[359][1],   6.5707996184E+01
y[360][1],   6.6166676885E+01
y[361][1],   6.6619025270E+01
y[362][1],   6.7064974100E+01
y[363][1],   6.7504468744E+01
y[364][1],   6.7937466399E+01
y[365][1],   6.8363935342E+01
y[366][1],   6.8783854226E+01
y[367][1],   6.9197211398E+01
y[368][1],   6.9604004263E+01
y[369][1],   7.0004238670E+01
y[370][1],   7.0397928332E+01
y[371][1],   7.0785094278E+01
y[372][1],   7.1165764323E+01
y[373][1],   7.1539972579E+01
y[374][1],   7.1907758977E+01
y[375][1],   7.2269168822E+01
y[376][1],   7.2624252369E+01
y[377][1],   7.2973064422E+01
y[378][1],   7.3315663950E+01
y[379][1],   7.3652113732E+01
y[380][1],   7.4051977022E+01
y[381][1],   7.4395968099E+01
y[382][1],   7.4687068669E+01
y[383][1],   7.4928130176E+01
y[384][1],   7.5121878835E+01
y[385][1],   7.5270920500E+01
y[386][1],   7.5377745353E+01
y[387][1],   7.5444732431E+01
y[388][1],   7.5474153997E+01
y[389][1],   7.5468179752E+01
y[390][1],   7.5428880903E+01
y[391][1],   7.5358234080E+01
y[392][1],   7.5258125119E+01
y[393][1],   7.5130352706E+01
y[394][1],   7.4976631888E+01
y[395][1],   7.4798597464E+01
y[396][1],   7.4597807244E+01
y[397][1],   7.4375745196E+01
y[398][1],   7.4133824475E+01
y[399][1],   7.3873390340E+01
y[400][1],   7.3595722968E+01
y[401][1],   7.3302040155E+01
y[402][1],   7.2993499927E+01
y[403][1],   7.2671203047E+01
y[404][1],   7.2336195428E+01
y[405][1],   7.1989470459E+01
y[406][1],   7.1631971240E+01
y[407][1],   7.1264592734E+01
y[408][1],   7.0888183835E+01
y[409][1],   7.0503549360E+01
y[410][1],   7.0111451963E+01
y[411][1],   6.9712613973E+01
y[412][1],   6.9307719166E+01
y[413][1],   6.8897414462E+01
y[414][1],   6.8482311562E+01
y[415][1],   6.8062988516E+01
y[416][1],   6.7639991233E+01
y[417][1],   6.7213834928E+01
y[418][1],   6.6785005512E+01
y[419][1],   6.6353960934E+01
y[420][1],   6.5921132454E+01
y[421][1],   6.5486925884E+01
y[422][1],   6.5051722760E+01
y[423][1],   6.4615881483E+01
y[424][1],   6.4179738400E+01
y[425][1],   6.3743608854E+01
y[426][1],   6.3307788175E+01
y[427][1],   6.2872552648E+01
y[428][1],   6.2438160426E+01
y[429][1],   6.2004852414E+01
y[430][1],   6.1572853109E+01
y[431][1],   6.1142371415E+01
y[432][1],   6.0713601414E+01
y[433][1],   6.0286723104E+01
y[434][1],   5.9861903118E+01
y[435][1],   5.9439295395E+01
y[436][1],   5.9019041836E+01
y[437][1],   5.8601272924E+01
y[438][1],   5.8186108320E+01
y[439][1],   5.7773657431E+01
y[440][1],   5.7364019958E+01
y[441][1],   5.6957286412E+01
y[442][1],   5.6553538615E+01
y[443][1],   5.6152850171E+01
y[444][1],   5.5755286924E+01
y[445][1],   5.5360907390E+01
y[446][1],   5.4969763168E+01
y[447][1],   5.4581899339E+01
y[448][1],   5.4197354840E+01
y[449][1],   5.3816162825E+01
y[450][1],   5.3438351005E+01
y[451][1],   5.3063941978E+01
y[452][1],   5.2692953540E+01
y[453][1],   5.2325398976E+01
y[454][1],   5.1961287352E+01
y[455][1],   5.1600623776E+01
y[456][1],   5.1243409657E+01
y[457][1],   5.0889642948E+01
y[458][1],   5.0539318380E+01
y[459][1],   5.0192427677E+01
y[460][1],   4.9848959770E+01
y[461][1],   4.9508900995E+01
y[462][1],   4.9172235279E+01
y[463][1],   4.8838944322E+01
y[464][1],   4.8509007766E+01
y[465][1],   4.8182403357E+01
y[466][1],   4.7859107095E+01
y[467][1],   4.7539093382E+01
y[468][1],   4.7222335159E+01
y[469][1],   4.6908804034E+01
y[470][1],   4.6598470404E+01
y[471][1],   4.6291303573E+01
y[472][1],   4.5987271863E+01
y[473][1],   4.5686342713E+01
y[474][1],   4.5388482780E+01
y[475][1],   4.5093658030E+01
y[476][1],   4.4801833827E+01
y[477][1],   4.4512975010E+01
y[478][1],   4.4227045975E+01
y[479][1],   4.3944010742E+01
y[480][1],   4.3663833029E+01
y[481][1],   4.3386476311E+01
y[482][1],   4.3111903880E+01
y[483][1],   4.2840078905E+01
y[484][1],   4.2570964478E+01
y[485][1],   4.2304523670E+01
y[486][1],   4.2040719570E+01
y[487][1],   4.1779515330E+01
y[488][1],   4.1520874209E+01
y[489][1],   4.1264759600E+01
y[490][1],   4.1011135075E+01
y[491][1],   4.0759964408E+01
y[492][1],   4.0511211608E+01
y[493][1],   4.0264840947E+01
y[494][1],   4.0020816981E+01
y[495][1],   3.9779104576E+01
y[496][1],   3.9539668927E+01
y[497][1],   3.9302475579E+01
y[4][2],   2.4431075155E-01
y[5][2],   1.1683707466E+00
y[6][2],   3.3721835341E-01
y[7][2],   1.0399076512E+00
y[8][2],   4.5192987739E-01
y[9][2],   9.3074861299E-01
y[10][2],   5.3559628212E-01
y[11][2],   8.5328430064E-01
y[12][2],   5.9089562665E-01
y[13][2],   8.0002310070E-01
y[14][2],   6.2612911807E-01
y[15][2],   7.6329893574E-01
y[16][2],   6.4790679826E-01
y[17][2],   7.3758375971E-01
y[18][2],   6.6078360713E-01
y[19][2],   7.1915125268E-01
y[20][2],   6.6779612847E-01
y[21][2],   1.5640013074E+00
y[22][2],   1.3856470235E+00
y[23][2],   1.3634095204E+00
y[24][2],   1.5132231885E+00
y[25][2],   1.3984362994E+00
y[26][2],   1.5504137679E+00
y[27][2],   1.4639406841E+00
y[28][2],   1.5799902796E+00
y[29][2],   1.5276991418E+00
y[30][2],   1.6135186833E+00
y[31][2],   1.5864191060E+00
y[32][2],   1.6511317383E+00
y[33][2],   1.6410580743E+00
y[34][2],   1.6916122875E+00
y[35][2],   1.6927926230E+00
y[36][2],   1.7339313092E+00
y[37][2],   1.7424937843E+00
y[38][2],   1.7773715915E+00
y[39][2],   1.7907528066E+00
y[40][2],   1.8214541532E+00
y[41][2],   1.8379628733E+00
y[42][2],   1.8658627250E+00
y[43][2],   1.8843842431E+00
y[44][2],   1.9103892668E+00
y[45][2],   1.9301891482E+00
y[46][2],   1.9548972397E+00
y[47][2],   1.9754917284E+00
y[48][2],   1.9992972556E+00
y[49][2],   2.0203678196E+00
y[50][2],   2.0435310040E+00
y[51][2],   2.0648680063E+00
y[52][2],   2.0875606541E+00
y[53][2],   2.1090262263E+00
y[54][2],   2.1313618691E+00
y[55][2],   2.1528654424E+00
y[56][2],   2.1749192022E+00
y[57][2],   2.1964013794E+00
y[58][2],   2.2182230617E+00
y[59][2],   2.2396449890E+00
y[60][2],   2.2612677117E+00
y[61][2],   2.2826040726E+00
y[62][2],   2.3040499534E+00
y[63][2],   2.3252843518E+00
y[64][2],   2.3465682566E+00
y[65][2],   2.3676901741E+00
y[66][2],   2.3888221875E+00
y[67][2],   2.4098249773E+00
y[68][2],   2.4308120307E+00
y[69][2],   2.4516915962E+00
y[70][2],   2.4725385412E+00
y[71][2],   2.4932924647E+00
y[72][2],   2.5140027802E+00
y[73][2],   2.5346297487E+00
y[74][2],   2.5552060072E+00
y[75][2],   2.5757054340E+00
y[76][2],   2.5961496088E+00
y[77][2],   2.6165213844E+00
y[78][2],   3.9245405369E+00
y[79][2],   3.7291224032E+00
y[80][2],   3.6797398734E+00
y[81][2],   3.9598546066E+00
y[82][2],   3.7849527370E+00
y[83][2],   4.0572443084E+00
y[84][2],   3.9335325183E+00
y[85][2],   4.1445876851E+00
y[86][2],   4.0778463700E+00
y[87][2],   4.2386667604E+00
y[88][2],   4.2134190387E+00
y[89][2],   4.3393076501E+00
y[90][2],   4.3419929354E+00
y[91][2],   4.4444393832E+00
y[92][2],   4.4655353255E+00
y[93][2],   4.5523574104E+00
y[94][2],   4.5854867652E+00
y[95][2],   4.6618803997E+00
y[96][2],   4.7028230554E+00
y[97][2],   4.7722209420E+00
y[98][2],   4.8181931849E+00
y[99][2],   4.8828597987E+00
y[100][2],   4.9320271668E+00
y[101][2],   4.9934559578E+00
y[102][2],   5.0446100606E+00
y[103][2],   5.1037861221E+00
y[104][2],   1.4801484967E+00
y[105][2],   3.0034654679E+00
y[106][2],   3.8532684629E+00
y[107][2],   3.7820249197E+00
y[108][2],   5.0665371225E+00
y[109][2],   4.9918941719E+00
y[110][2],   6.1238914584E+00
y[111][2],   6.2285378435E+00
y[112][2],   7.1825097516E+00
y[113][2],   7.4359523011E+00
y[114][2],   8.2580873412E+00
y[115][2],   8.6139402291E+00
y[116][2],   9.3456648476E+00
y[117][2],   9.7687816278E+00
y[118][2],   1.0439319451E+01
y[119][2],   1.0905744990E+01
y[120][2],   1.1534697518E+01
y[121][2],   1.2028511908E+01
y[122][2],   1.2628863634E+01
y[123][2],   1.3139557653E+01
y[124][2],   1.3719883942E+01
y[125][2],   1.4240534398E+01
y[126][2],   1.4806496252E+01
y[127][2],   1.5332546874E+01
y[128][2],   1.5887883000E+01
y[129][2],   1.6416338056E+01
y[130][2],   1.6963519920E+01
y[131][2],   1.7492412259E+01
y[132][2],   1.8033076026E+01
y[133][2],   1.8561116382E+01
y[134][2],   1.9096347634E+01
y[135][2],   1.9622693479E+01
y[136][2],   2.0153214875E+01
y[137][2],   2.0677318071E+01
y[138][2],   2.1203613030E+01
y[139][2],   2.1725119418E+01
y[140][2],   2.2247513636E+01
y[141][2],   2.2766196861E+01
y[142][2],   2.3284912037E+01
y[143][2],   2.3800629932E+01
y[144][2],   2.4315819180E+01
y[145][2],   2.4828485020E+01
y[146][2],   2.5340256205E+01
y[147][2],   2.5849819761E+01
y[148][2],   2.6358250884E+01
y[149][2],   2.6864685937E+01
y[150][2],   2.7369835269E+01
y[151][2],   2.7873131383E+01
y[152][2],   3.0580633818E+01
y[153][2],   3.0201344734E+01
y[154][2],   3.0221983243E+01
y[155][2],   3.0795594014E+01
y[156][2],   3.0552431652E+01
y[157][2],   3.1124426896E+01
y[158][2],   3.0969689414E+01
y[159][2],   3.1430582479E+01
y[160][2],   3.1379511585E+01
y[161][2],   3.1747688876E+01
y[162][2],   3.1772535955E+01
y[163][2],   3.2075895640E+01
y[164][2],   3.2151788421E+01
y[165][2],   3.2411469289E+01
y[166][2],   3.2520869742E+01
y[167][2],   3.2751285369E+01
y[168][2],   3.2882436969E+01
y[169][2],   3.3093172879E+01
y[170][2],   3.3238294681E+01
y[171][2],   3.3435685390E+01
y[172][2],   3.3589645428E+01
y[173][2],   3.3777870754E+01
y[174][2],   3.3937287946E+01
y[175][2],   3.4119105487E+01
y[176][2],   3.4281753575E+01
y[177][2],   3.4458983198E+01
y[178][2],   3.4623397184E+01
y[179][2],   3.4797240637E+01
y[180][2],   3.4962457262E+01
y[181][2],   3.5133708882E+01
y[182][2],   3.5299095562E+01
y[183][2],   3.5468281152E+01
y[184][2],   3.3487247425E+01
y[185][2],   3.4014153223E+01
y[186][2],   3.4294724674E+01
y[187][2],   3.4027378865E+01
y[188][2],   3.4516243754E+01
y[189][2],   3.4260395846E+01
y[190][2],   3.4662926141E+01
y[191][2],   3.4507703769E+01
y[192][2],   3.4814194098E+01
y[193][2],   3.4741333441E+01
y[194][2],   3.4977534204E+01
y[195][2],   3.4961580500E+01
y[196][2],   3.5150066033E+01
y[197][2],   3.5171905649E+01
y[198][2],   3.5328531587E+01
y[199][2],   3.5375161001E+01
y[200][2],   3.5510548821E+01
y[201][2],   3.5573327993E+01
y[202][2],   3.5694509006E+01
y[203][2],   3.5767732393E+01
y[204][2],   3.5879347222E+01
y[205][2],   3.5959253548E+01
y[206][2],   3.6064362899E+01
y[207][2],   3.6148474086E+01
y[208][2],   3.6249096625E+01
y[209][2],   3.6335780621E+01
y[210][2],   3.6433248090E+01
y[211][2],   3.6521430489E+01
y[212][2],   3.6616621863E+01
y[213][2],   3.6705595792E+01
y[214][2],   3.6799091628E+01
y[215][2],   3.6888392439E+01
y[216][2],   3.6980576600E+01
y[217][2],   3.7069899284E+01
y[218][2],   3.7161025995E+01
y[219][2],   3.7250170750E+01
y[220][2],   3.7340408781E+01
y[221][2],   3.7429245134E+01
y[222][2],   3.7518706930E+01
y[223][2],   3.7607150099E+01
y[224][2],   3.7695910970E+01
y[225][2],   3.7783906274E+01
y[226][2],   3.7872017053E+01
y[227][2],   3.7959529645E+01
y[228][2],   3.8047025021E+01
y[229][2],   3.8134033119E+01
y[230][2],   3.8220937136E+01
y[231][2],   3.8307427558E+01
y[232][2],   3.8393757236E+01
y[233][2],   3.8479722466E+01
y[234][2],   4.0035883297E+01
y[235][2],   3.9535022089E+01
y[236][2],   3.9301520982E+01
y[237][2],   3.9437484222E+01
y[238][2],   3.9029683274E+01
y[239][2],   3.9166120214E+01
y[240][2],   3.8818824525E+01
y[241][2],   3.8882736035E+01
y[242][2],   3.8606095495E+01
y[243][2],   3.8609730600E+01
y[244][2],   3.8385235441E+01
y[245][2],   3.8347184000E+01
y[246][2],   3.8158242405E+01
y[247][2],   3.8092587819E+01
y[248][2],   3.7927497744E+01
y[249][2],   3.7843839824E+01
y[250][2],   3.4018770987E+01
y[251][2],   3.5389234420E+01
y[252][2],   3.6047745879E+01
y[253][2],   3.5817413788E+01
y[254][2],   3.6917687674E+01
y[255][2],   3.6680214825E+01
y[256][2],   3.7632989762E+01
y[257][2],   3.7572706382E+01
y[258][2],   3.8351126759E+01
y[259][2],   3.8438619283E+01
y[260][2],   3.9087984726E+01
y[261][2],   3.9277576587E+01
y[262][2],   3.9838725407E+01
y[263][2],   4.0095735332E+01
y[264][2],   4.0597501254E+01
y[265][2],   4.0898278429E+01
y[266][2],   4.1360003716E+01
y[267][2],   4.1688826552E+01
y[268][2],   4.2123322594E+01
y[269][2],   4.2469810335E+01
y[270][2],   4.2885536176E+01
y[271][2],   4.3242848077E+01
y[272][2],   4.3645385839E+01
y[273][2],   4.4009017754E+01
y[274][2],   4.4402051951E+01
y[275][2],   4.4769040308E+01
y[276][2],   4.5155004498E+01
y[277][2],   4.5523401160E+01
y[278][2],   4.5903904347E+01
y[279][2],   4.6272430409E+01
y[280][2],   4.6648538115E+01
y[281][2],   4.7016355722E+01
y[282][2],   4.7388775233E+01
y[283][2],   4.7755337185E+01
y[284][2],   4.8124539655E+01
y[285][2],   4.8489490284E+01
y[286][2],   4.8855791202E+01
y[287][2],   4.9218901043E+01
y[288][2],   4.9582513275E+01
y[289][2],   5.2089811818E+01
y[290][2],   5.2091443125E+01
y[291][2],   5.2334542197E+01
y[292][2],   5.3126497093E+01
y[293][2],   5.3158476553E+01
y[294][2],   5.3935231876E+01
y[295][2],   5.4050573977E+01
y[296][2],   5.4723158296E+01
y[297][2],   5.4931479332E+01
y[298][2],   5.5518266401E+01
y[299][2],   5.5793764223E+01
y[300][2],   5.6320288193E+01
y[301][2],   5.6640361272E+01
y[302][2],   5.7125794995E+01
y[303][2],   5.7474576649E+01
y[304][2],   5.7931969527E+01
y[305][2],   5.8298837821E+01
y[306][2],   5.8736866936E+01
y[307][2],   5.9114797048E+01
y[308][2],   5.9539199123E+01
y[309][2],   5.9923561444E+01
y[310][2],   6.0338125025E+01
y[311][2],   6.0725872809E+01
y[312][2],   6.1133100626E+01
y[313][2],   6.1522231067E+01
y[314][2],   6.1923778055E+01
y[315][2],   6.2312976477E+01
y[316][2],   6.2709938717E+01
y[317][2],   6.3098343967E+01
y[318][2],   6.3491449174E+01
y[319][2],   6.3878498974E+01
y[320][2],   6.4268232041E+01
y[321][2],   6.4653561063E+01
y[322][2],   6.5040246812E+01
y[323][2],   6.5423619501E+01
y[324][2],   6.5807477224E+01
y[325][2],   6.6188743521E+01
y[326][2],   6.6569922921E+01
y[327][2],   6.6948989085E+01
y[328][2],   6.7327593971E+01
y[329][2],   6.7704403343E+01
y[330][2],   7.1756490019E+01
y[331][2],   7.0665266720E+01
y[332][2],   7.0242132698E+01
y[333][2],   7.0741991113E+01
y[334][2],   6.9882063735E+01
y[335][2],   7.0382120699E+01
y[336][2],   6.9672429434E+01
y[337][2],   6.9990185122E+01
y[338][2],   6.9456117854E+01
y[339][2],   6.9622195645E+01
y[340][2],   6.9217488754E+01
y[341][2],   6.9278365953E+01
y[342][2],   6.8961549132E+01
y[343][2],   6.8952438101E+01
y[344][2],   6.8694264424E+01
y[345][2],   6.8639169331E+01
y[346][2],   6.8420027512E+01
y[347][2],   6.8334906134E+01
y[348][2],   6.8141810769E+01
y[349][2],   6.8037202809E+01
y[350][2],   6.7861583432E+01
y[351][2],   6.7744437652E+01
y[352][2],   6.7580641959E+01
y[353][2],   6.7455536937E+01
y[354][2],   6.7299837383E+01
y[355][2],   6.7169788965E+01
y[356][2],   6.7019726842E+01
y[357][2],   6.6886720816E+01
y[358][2],   6.6740673731E+01
y[359][2],   6.6606016995E+01
y[360][2],   6.6462913771E+01
y[361][2],   6.6327465788E+01
y[362][2],   6.6186598558E+01
y[363][2],   6.6050923906E+01
y[364][2],   6.5911824263E+01
y[365][2],   6.5776293182E+01
y[366][2],   6.5638650555E+01
y[367][2],   6.5503505214E+01
y[368][2],   6.5367113066E+01
y[369][2],   6.5232511233E+01
y[370][2],   6.5097231611E+01
y[371][2],   6.4963275444E+01
y[372][2],   6.4829015604E+01
y[373][2],   6.4695770614E+01
y[374][2],   6.4562467622E+01
y[375][2],   6.4429975187E+01
y[376][2],   6.4297585767E+01
y[377][2],   6.4165871364E+01
y[378][2],   6.4034365207E+01
y[379][2],   6.3903443847E+01
y[380][2],   6.1626623395E+01
y[381][2],   6.1855940637E+01
y[382][2],   6.1842086413E+01
y[383][2],   6.1279441904E+01
y[384][2],   6.1475406205E+01
y[385][2],   6.0926394851E+01
y[386][2],   6.1037653788E+01
y[387][2],   6.0591297378E+01
y[388][2],   6.0608210282E+01
y[389][2],   6.0246171305E+01
y[390][2],   6.0194527302E+01
y[391][2],   5.9891298527E+01
y[392][2],   5.9793693589E+01
y[393][2],   5.9530122923E+01
y[394][2],   5.9402423075E+01
y[395][2],   5.9165477794E+01
y[396][2],   5.9018307524E+01
y[397][2],   5.8799324514E+01
y[398][2],   5.8639713295E+01
y[399][2],   5.8432967998E+01
y[400][2],   5.8265551452E+01
y[401][2],   5.8067266280E+01
y[402][2],   5.7895098048E+01
y[403][2],   5.7702780414E+01
y[404][2],   5.7527870758E+01
y[405][2],   5.7339875315E+01
y[406][2],   5.7163546717E+01
y[407][2],   5.6978786586E+01
y[408][2],   5.6801908222E+01
y[409][2],   5.6619664621E+01
y[410][2],   5.6442806911E+01
y[411][2],   5.6262603683E+01
y[412][2],   5.6086140162E+01
y[413][2],   5.5907661069E+01
y[414][2],   5.5731835522E+01
y[415][2],   5.5554869747E+01
y[416][2],   5.5379840459E+01
y[417][2],   5.5204246675E+01
y[418][2],   5.5030115598E+01
y[419][2],   5.4855798295E+01
y[420][2],   5.4682630263E+01
y[421][2],   5.4509524142E+01
y[422][2],   5.4337359545E+01
y[423][2],   5.4165419235E+01
y[424][2],   5.3994282365E+01
y[425][2],   5.3823475641E+01
y[426][2],   5.3653380195E+01
y[427][2],   5.3483683514E+01
y[428][2],   5.3314636220E+01
y[429][2],   5.3146031773E+01
y[430][2],   5.2978034782E+01
y[431][2],   5.2810508555E+01
y[432][2],   5.2643561016E+01
y[433][2],   5.2477101509E+01
y[434][2],   5.2311200605E+01
y[435][2],   5.2145797993E+01
y[436][2],   5.1980939626E+01
y[437][2],   5.1816585198E+01
y[438][2],   5.1652764441E+01
y[439][2],   5.1489450236E+01
y[440][2],   5.1326661628E+01
y[441][2],   5.1164380195E+01
y[442][2],   5.1002617938E+01
y[443][2],   5.0841362172E+01
y[444][2],   5.0680620261E+01
y[445][2],   5.0520383302E+01
y[446][2],   5.0360655607E+01
y[447][2],   5.0201430769E+01
y[448][2],   5.0042711093E+01
y[449][2],   4.9884491820E+01
y[450][2],   4.9726773935E+01
y[451][2],   4.9569553768E+01
y[452][2],   4.9412831437E+01
y[453][2],   4.9256603996E+01
y[454][2],   4.9100870995E+01
y[455][2],   4.8945629964E+01
y[456][2],   4.8790880084E+01
y[457][2],   4.8636619205E+01
y[458][2],   4.8482846265E+01
y[459][2],   4.8329559329E+01
y[460][2],   4.8176757179E+01
y[461][2],   4.8024438023E+01
y[462][2],   4.7872600544E+01
y[463][2],   4.7721243049E+01
y[464][2],   4.7570364159E+01
y[465][2],   4.7419962248E+01
y[466][2],   4.7270035900E+01
y[467][2],   4.7120583536E+01
y[468][2],   4.6971603719E+01
y[469][2],   4.6823094905E+01
y[470][2],   4.6675055645E+01
y[471][2],   4.6527484422E+01
y[472][2],   4.6380379783E+01
y[473][2],   4.6233740231E+01
y[474][2],   4.6087564312E+01
y[475][2],   4.5941850548E+01
y[476][2],   4.5796597488E+01
y[477][2],   4.5651803666E+01
y[478][2],   4.5507467639E+01
y[479][2],   4.5363587951E+01
y[480][2],   4.5220163167E+01
y[481][2],   4.5077191842E+01
y[482][2],   4.4934672548E+01
y[483][2],   4.4792603851E+01
y[484][2],   4.4650984331E+01
y[485][2],   4.4509812563E+01
y[486][2],   4.4369087136E+01
y[487][2],   4.4228806635E+01
y[488][2],   4.4088969656E+01
y[489][2],   4.3949574795E+01
y[490][2],   4.3810620655E+01
y[491][2],   4.3672105843E+01
y[492][2],   4.3534028969E+01
y[493][2],   4.3396388648E+01
y[494][2],   4.3259183502E+01
y[495][2],   4.3122412153E+01
y[496][2],   4.2986073230E+01
y[497][2],   4.2850165366E+01
sum_a[1],   9.9999313128E-01
sum_a[2],   9.9188030807E-01
sum_b[1][1],   2.7613142735E-06
sum_b[2][1],   1.0282511696E-06
sum_b[1][2],   7.3406925156E-04
sum_b[2][2],   5.3262357524E-03
k[1][1],   4.0201298282E-01
k[2][1],   1.4970056967E-01
k[1][2],   9.0406047188E-02
k[2][2],   6.5596525088E-01
